# Blender 4.3.2
# www.blender.org
mtllib Stone2.mtl
o instance_0.001
v -0.104384 0.000000 -0.000321
v -0.089992 0.000000 -0.054035
v -0.072919 0.000000 -0.076285
v -0.050670 0.000000 0.092716
v -0.024760 0.000000 0.103448
v 0.003045 0.000000 -0.107750
v 0.003045 0.000000 0.107109
v 0.056759 0.000000 0.092716
v 0.096081 0.000000 0.053394
v 0.106814 0.000000 -0.028125
v 0.106814 0.000000 0.027484
v 0.110474 0.000000 -0.000321
v 0.096081 0.000000 -0.054035
v 0.079009 0.000000 -0.076285
v 0.030850 0.000000 -0.104089
v -0.024760 0.000000 -0.104089
v -0.050670 0.000000 -0.093357
v -0.072919 0.000000 0.075643
v -0.100724 0.000000 -0.028125
v -0.100724 0.000000 0.027484
v -0.089992 0.000000 0.053394
v 0.056759 0.000000 -0.093357
v 0.030850 0.000000 0.103448
v -0.034621 0.076200 0.140250
v -0.069720 0.076200 0.125711
v 0.075810 0.038100 0.125711
v -0.122987 0.038100 0.072444
v -0.122987 0.076200 0.072444
v -0.137526 0.038100 0.037345
v 0.129077 0.076200 0.072444
v -0.142484 0.038100 -0.000321
v -0.142484 0.076200 -0.000321
v 0.143615 0.076200 0.037345
v 0.143615 0.038100 0.037345
v -0.137526 0.076200 -0.037986
v -0.137526 0.038100 -0.037986
v 0.148574 0.076200 -0.000321
v -0.122987 0.038100 -0.073085
v -0.122987 0.076200 -0.073085
v 0.143615 0.038100 -0.037986
v 0.143615 0.076200 -0.037986
v -0.099860 0.038100 -0.103225
v -0.069720 0.038100 -0.126353
v -0.069720 0.076200 -0.126353
v 0.105950 0.076200 -0.103225
v 0.105950 0.038100 -0.103225
v -0.034621 0.038100 -0.140891
v -0.034621 0.076200 -0.140891
v 0.040711 0.038100 -0.140891
v 0.003045 0.095250 0.140104
v -0.033300 0.095250 0.135319
v -0.034285 0.086061 0.138996
v 0.003045 0.086061 0.143910
v -0.067168 0.095250 0.121291
v -0.069071 0.086061 0.124587
v -0.031733 0.103141 0.129471
v 0.003045 0.103141 0.134049
v 0.039389 0.095250 0.135319
v 0.040375 0.086061 0.138996
v 0.003045 0.076200 0.145209
v -0.096251 0.095250 0.098975
v -0.098942 0.086061 0.101666
v -0.064140 0.103141 0.116047
v 0.003045 0.109196 0.126159
v -0.029690 0.109196 0.121849
v 0.037822 0.103141 0.129471
v 0.073257 0.095250 0.121291
v 0.075160 0.086061 0.124587
v 0.040711 0.076200 0.140250
v -0.118567 0.095250 0.069892
v -0.121863 0.086061 0.071795
v -0.091969 0.103141 0.094693
v -0.099860 0.076200 0.102584
v -0.060195 0.109196 0.109214
v -0.027312 0.113002 0.112973
v 0.003045 0.113002 0.116970
v 0.035780 0.109196 0.121849
v 0.070230 0.103141 0.116047
v 0.105032 0.086061 0.101666
v 0.102340 0.095250 0.098975
v 0.075810 0.076200 0.125711
v -0.136272 0.086061 0.037009
v -0.132595 0.095250 0.036024
v -0.113323 0.103141 0.066864
v -0.086390 0.109196 0.089114
v -0.055600 0.113002 0.101256
v 0.033402 0.113002 0.112973
v 0.066285 0.109196 0.109214
v 0.098059 0.103141 0.094693
v 0.127953 0.086061 0.071795
v 0.124656 0.095250 0.069892
v 0.105950 0.076200 0.102584
v -0.141186 0.086061 -0.000321
v -0.137380 0.095250 -0.000321
v -0.126747 0.103141 0.034457
v -0.137526 0.076200 0.037345
v -0.106489 0.109196 0.062919
v -0.079892 0.113002 0.082616
v -0.050670 0.114300 0.092716
v 0.061690 0.113002 0.101256
v 0.092479 0.109196 0.089114
v 0.119413 0.103141 0.066864
v 0.138685 0.095250 0.036024
v 0.142361 0.086061 0.037009
v -0.136272 0.086061 -0.037650
v -0.132595 0.095250 -0.036665
v -0.131325 0.103141 -0.000321
v -0.119125 0.109196 0.032415
v -0.098532 0.113002 0.058324
v -0.072919 0.114300 0.075643
v 0.056760 0.114300 0.092716
v 0.085982 0.113002 0.082616
v 0.112579 0.109196 0.062919
v 0.132836 0.103141 0.034457
v 0.143470 0.095250 -0.000321
v 0.147276 0.086061 -0.000321
v -0.118567 0.095250 -0.070533
v -0.121863 0.086061 -0.072436
v -0.126747 0.103141 -0.035098
v -0.123434 0.109196 -0.000321
v -0.110249 0.113002 0.030036
v 0.079009 0.114300 0.075643
v 0.104621 0.113002 0.058324
v 0.125215 0.109196 0.032415
v 0.137415 0.103141 -0.000321
v 0.142361 0.086061 -0.037650
v 0.138685 0.095250 -0.036665
v -0.096251 0.095250 -0.099616
v -0.098942 0.086061 -0.102307
v -0.113323 0.103141 -0.067506
v -0.119125 0.109196 -0.033056
v -0.114245 0.113002 -0.000321
v 0.096081 0.114300 0.053394
v 0.116338 0.113002 0.030036
v 0.129524 0.109196 -0.000321
v 0.132836 0.103141 -0.035098
v 0.124656 0.095250 -0.070533
v 0.127953 0.086061 -0.072436
v -0.069071 0.086061 -0.125229
v -0.067168 0.095250 -0.121932
v -0.091969 0.103141 -0.095335
v -0.099860 0.076200 -0.103225
v -0.106489 0.109196 -0.063560
v -0.110249 0.113002 -0.030678
v 0.120335 0.113002 -0.000321
v 0.125215 0.109196 -0.033056
v 0.119413 0.103141 -0.067506
v 0.105032 0.086061 -0.102307
v 0.102340 0.095250 -0.099616
v 0.129077 0.076200 -0.073085
v -0.033300 0.095250 -0.135961
v -0.034285 0.086061 -0.139637
v -0.064140 0.103141 -0.116689
v -0.086390 0.109196 -0.089755
v -0.098532 0.113002 -0.058966
v -0.100724 0.114300 -0.028125
v 0.110474 0.114300 -0.000321
v 0.107552 0.114300 0.021873
v 0.116338 0.113002 -0.030678
v 0.112579 0.109196 -0.063560
v 0.098059 0.103141 -0.095335
v 0.073257 0.095250 -0.121932
v 0.075160 0.086061 -0.125229
v 0.003045 0.086061 -0.144552
v 0.003045 0.095250 -0.140746
v -0.031733 0.103141 -0.130112
v -0.060195 0.109196 -0.109855
v -0.079892 0.113002 -0.083258
v 0.104621 0.113002 -0.058966
v 0.092479 0.109196 -0.089755
v 0.070230 0.103141 -0.116689
v 0.039389 0.095250 -0.135961
v 0.040375 0.086061 -0.139637
v 0.075810 0.076200 -0.126353
v 0.003045 0.103141 -0.134691
v 0.003045 0.076200 -0.145850
v -0.029690 0.109196 -0.122490
v -0.055600 0.113002 -0.101897
v -0.072919 0.114300 -0.076285
v 0.096081 0.114300 -0.054035
v 0.085982 0.113002 -0.083258
v 0.066285 0.109196 -0.109855
v 0.037822 0.103141 -0.130112
v 0.040711 0.076200 -0.140891
v 0.003045 0.109196 -0.126800
v -0.027312 0.113002 -0.113614
v 0.079009 0.114300 -0.076285
v 0.061690 0.113002 -0.101897
v 0.035780 0.109196 -0.122490
v 0.003045 0.113002 -0.117611
v -0.024760 0.114300 -0.104089
v 0.056760 0.114300 -0.093357
v 0.033402 0.113002 -0.113614
v 0.003045 0.114300 -0.107750
v -0.055600 0.001298 -0.101897
v -0.060195 0.005104 -0.109855
v -0.079892 0.001298 -0.083258
v -0.086390 0.005104 -0.089755
v -0.027312 0.001298 -0.113614
v -0.029690 0.005104 -0.122490
v -0.098532 0.001298 -0.058966
v -0.106489 0.005104 -0.063560
v -0.064140 0.011159 -0.116689
v -0.091969 0.011159 -0.095335
v 0.003045 0.005104 -0.126800
v 0.003045 0.001298 -0.117611
v -0.031733 0.011159 -0.130112
v -0.119125 0.005104 -0.033056
v -0.110249 0.001298 -0.030678
v -0.113323 0.011159 -0.067506
v -0.067168 0.019050 -0.121932
v -0.096251 0.019050 -0.099616
v 0.033402 0.001298 -0.113614
v 0.035780 0.005104 -0.122490
v 0.003045 0.011159 -0.134691
v -0.033300 0.019050 -0.135961
v -0.114245 0.001298 -0.000321
v -0.123434 0.005104 -0.000321
v -0.126747 0.011159 -0.035098
v -0.118567 0.019050 -0.070533
v -0.098942 0.028239 -0.102307
v -0.069071 0.028239 -0.125229
v 0.066285 0.005104 -0.109855
v 0.061690 0.001298 -0.101897
v 0.037822 0.011159 -0.130112
v 0.003045 0.019050 -0.140746
v -0.034285 0.028239 -0.139637
v -0.119125 0.005104 0.032415
v -0.110249 0.001298 0.030036
v -0.131325 0.011159 -0.000321
v -0.132595 0.019050 -0.036665
v -0.121863 0.028239 -0.072436
v 0.085982 0.001298 -0.083258
v 0.092479 0.005104 -0.089755
v 0.070230 0.011159 -0.116689
v 0.039389 0.019050 -0.135961
v 0.003045 0.028239 -0.144552
v -0.098532 0.001298 0.058324
v -0.106489 0.005104 0.062919
v -0.126747 0.011159 0.034457
v -0.137380 0.019050 -0.000321
v -0.136272 0.028239 -0.037650
v 0.104621 0.001298 -0.058966
v 0.112579 0.005104 -0.063560
v 0.098059 0.011159 -0.095335
v 0.073257 0.019050 -0.121932
v 0.040375 0.028239 -0.139637
v 0.003045 0.038100 -0.145850
v -0.086390 0.005104 0.089114
v -0.079892 0.001298 0.082616
v -0.113323 0.011159 0.066864
v -0.132595 0.019050 0.036024
v -0.141186 0.028239 -0.000321
v 0.125215 0.005104 -0.033056
v 0.116338 0.001298 -0.030678
v 0.119413 0.011159 -0.067506
v 0.102340 0.019050 -0.099616
v 0.075160 0.028239 -0.125229
v -0.060195 0.005104 0.109214
v -0.055600 0.001298 0.101256
v -0.091969 0.011159 0.094693
v -0.118567 0.019050 0.069892
v -0.136272 0.028239 0.037009
v 0.120335 0.001298 -0.000321
v 0.129524 0.005104 -0.000321
v 0.132836 0.011159 -0.035098
v 0.124656 0.019050 -0.070533
v 0.105032 0.028239 -0.102307
v 0.075810 0.038100 -0.126353
v -0.029690 0.005104 0.121849
v -0.027312 0.001298 0.112973
v -0.064140 0.011159 0.116047
v -0.096251 0.019050 0.098975
v -0.121863 0.028239 0.071795
v 0.116338 0.001298 0.030036
v 0.125215 0.005104 0.032415
v 0.137415 0.011159 -0.000321
v 0.138685 0.019050 -0.036665
v 0.127953 0.028239 -0.072436
v 0.003045 0.005104 0.126159
v 0.003045 0.001298 0.116970
v -0.031733 0.011159 0.129471
v -0.067168 0.019050 0.121291
v -0.098942 0.028239 0.101666
v 0.112579 0.005104 0.062919
v 0.104621 0.001298 0.058324
v 0.132836 0.011159 0.034457
v 0.143470 0.019050 -0.000321
v 0.142361 0.028239 -0.037650
v 0.129077 0.038100 -0.073085
v 0.033402 0.001298 0.112973
v 0.035780 0.005104 0.121849
v 0.003045 0.011159 0.134049
v -0.033300 0.019050 0.135319
v -0.069071 0.028239 0.124587
v -0.099860 0.038100 0.102584
v 0.092479 0.005104 0.089114
v 0.085982 0.001298 0.082616
v 0.119413 0.011159 0.066864
v 0.138685 0.019050 0.036024
v 0.147276 0.028239 -0.000321
v 0.061690 0.001298 0.101256
v 0.066285 0.005104 0.109214
v 0.037822 0.011159 0.129471
v 0.003045 0.019050 0.140104
v -0.034285 0.028239 0.138996
v -0.069720 0.038100 0.125711
v 0.079009 0.000000 0.075643
v 0.098059 0.011159 0.094693
v 0.124656 0.019050 0.069892
v 0.142361 0.028239 0.037009
v 0.148574 0.038100 -0.000321
v 0.070230 0.011159 0.116047
v 0.039389 0.019050 0.135319
v 0.003045 0.028239 0.143910
v -0.034621 0.038100 0.140250
v 0.102340 0.019050 0.098975
v 0.127953 0.028239 0.071795
v 0.073257 0.019050 0.121291
v 0.040375 0.028239 0.138996
v 0.003045 0.038100 0.145209
v 0.105032 0.028239 0.101666
v 0.129077 0.038100 0.072444
v 0.075160 0.028239 0.124587
v 0.040711 0.038100 0.140250
v 0.105950 0.038100 0.102584
v -0.085223 0.117539 -0.000321
v -0.082215 0.117539 0.022525
v -0.083272 0.117537 -0.000321
v -0.080331 0.117537 0.022020
v -0.082215 0.117539 -0.023166
v -0.080331 0.117537 -0.022661
v -0.081322 0.117475 -0.000321
v -0.078448 0.117475 0.021515
v -0.071708 0.117537 0.042838
v -0.073397 0.117539 0.043813
v -0.087173 0.117482 -0.000321
v -0.084099 0.117482 0.023029
v -0.071708 0.117537 -0.043479
v -0.073397 0.117539 -0.044455
v -0.078448 0.117475 -0.022157
v -0.084099 0.117482 -0.023671
v -0.073749 0.117475 -0.012136
v 0.003045 0.117475 -0.084688
v 0.003045 0.117475 0.084046
v 0.045228 0.117475 0.072743
v 0.062701 0.117475 0.059336
v 0.062701 0.117475 -0.059977
v 0.076109 0.117475 0.041863
v 0.084537 0.117475 0.021515
v 0.084883 0.117475 0.018889
v -0.044209 0.117475 0.006385
v -0.070019 0.117475 0.041863
v -0.078920 0.117475 0.001422
v 0.045228 0.117475 -0.073385
v 0.024881 0.117475 -0.081813
v 0.024881 0.117475 0.081172
v -0.045973 0.117475 -0.008165
v -0.056612 0.117475 -0.059977
v -0.070019 0.117475 -0.042504
v -0.039139 0.117475 -0.073385
v -0.018791 0.117475 -0.081813
v 0.076109 0.117475 -0.042504
v 0.084537 0.117475 -0.022157
v 0.087412 0.117475 -0.000321
v -0.018791 0.117475 0.081172
v -0.039139 0.117475 0.072743
v -0.056612 0.117475 0.059336
v -0.045973 0.117475 0.011009
v -0.059370 0.117539 0.062094
v -0.057991 0.117537 0.060715
v -0.075086 0.117482 0.044788
v -0.085980 0.117364 0.023533
v -0.089120 0.117364 -0.000321
v -0.059370 0.117539 -0.062736
v -0.057991 0.117537 -0.061356
v -0.075086 0.117482 -0.045430
v -0.085980 0.117364 -0.024175
v -0.040114 0.117537 -0.075074
v -0.019296 0.117537 -0.083697
v 0.003045 0.117537 -0.086638
v 0.025385 0.117537 -0.083697
v 0.046203 0.117537 -0.075074
v 0.064080 0.117537 -0.061356
v 0.077798 0.117537 -0.043479
v 0.086421 0.117537 -0.022661
v 0.089362 0.117537 -0.000321
v 0.086800 0.117537 0.019141
v 0.086421 0.117537 0.022020
v 0.077798 0.117537 0.042838
v 0.064080 0.117537 0.060715
v 0.046203 0.117537 0.074432
v 0.025385 0.117537 0.083055
v 0.003045 0.117537 0.085996
v -0.019296 0.117537 0.083055
v -0.040114 0.117537 0.074432
v -0.041089 0.117539 0.076122
v -0.060749 0.117482 0.063473
v -0.076773 0.117364 0.045762
v -0.087857 0.117187 0.024036
v -0.091063 0.117187 -0.000321
v -0.041089 0.117539 -0.076763
v -0.060749 0.117482 -0.064114
v -0.076773 0.117364 -0.046403
v -0.087857 0.117187 -0.024678
v -0.019801 0.117539 -0.085581
v 0.003045 0.117539 -0.088589
v 0.025890 0.117539 -0.085581
v 0.047179 0.117539 -0.076763
v 0.065460 0.117539 -0.062736
v 0.079487 0.117539 -0.044455
v 0.088305 0.117539 -0.023166
v 0.091313 0.117539 -0.000321
v 0.088305 0.117539 0.022525
v 0.088717 0.117539 0.019393
v 0.079487 0.117539 0.043813
v 0.065460 0.117539 0.062094
v 0.047179 0.117539 0.076122
v 0.025890 0.117539 0.084940
v 0.003045 0.117539 0.087947
v -0.019801 0.117539 0.084940
v -0.042064 0.117482 0.077810
v -0.062126 0.117364 0.064850
v -0.078455 0.117187 0.046733
v -0.089727 0.116951 0.024537
v -0.093000 0.116951 -0.000321
v -0.042064 0.117482 -0.078452
v -0.062126 0.117364 -0.065491
v -0.078455 0.117187 -0.047375
v -0.089727 0.116951 -0.025179
v -0.020305 0.117482 -0.087465
v 0.003045 0.117482 -0.090539
v 0.026395 0.117482 -0.087465
v 0.048154 0.117482 -0.078452
v 0.066839 0.117482 -0.064114
v 0.081176 0.117482 -0.045430
v 0.090189 0.117482 -0.023671
v 0.093263 0.117482 -0.000321
v 0.090189 0.117482 0.023029
v 0.090634 0.117482 0.019646
v 0.081176 0.117482 0.044788
v 0.066839 0.117482 0.063473
v 0.048154 0.117482 0.077810
v 0.026395 0.117482 0.086823
v 0.003045 0.117482 0.089897
v -0.020305 0.117482 0.086823
v -0.043038 0.117364 0.079497
v -0.063500 0.117187 0.066224
v -0.080132 0.116951 0.047702
v -0.091590 0.116655 0.025037
v -0.094928 0.116655 -0.000321
v -0.043038 0.117364 -0.080138
v -0.063500 0.117187 -0.066865
v -0.080132 0.116951 -0.048343
v -0.091590 0.116655 -0.025678
v -0.020809 0.117364 -0.089346
v 0.003045 0.117364 -0.092486
v 0.026899 0.117364 -0.089346
v 0.049128 0.117364 -0.080138
v 0.068216 0.117364 -0.065491
v 0.082862 0.117364 -0.046403
v 0.092070 0.117364 -0.024175
v 0.095210 0.117364 -0.000321
v 0.092070 0.117364 0.023533
v 0.092548 0.117364 0.019898
v 0.082862 0.117364 0.045762
v 0.068216 0.117364 0.064850
v 0.049128 0.117364 0.079497
v 0.026899 0.117364 0.088704
v 0.003045 0.117364 0.091845
v -0.020809 0.117364 0.088704
v -0.044009 0.117187 0.081179
v -0.064869 0.116951 0.067593
v -0.081802 0.116655 0.048666
v -0.093443 0.116301 0.025533
v -0.096847 0.116301 -0.000321
v -0.044009 0.117187 -0.081821
v -0.064869 0.116951 -0.068235
v -0.081802 0.116655 -0.049307
v -0.093443 0.116301 -0.026175
v -0.021312 0.117187 -0.091222
v 0.003045 0.117187 -0.094429
v 0.027402 0.117187 -0.091222
v 0.050099 0.117187 -0.081821
v 0.069589 0.117187 -0.066865
v 0.084545 0.117187 -0.047375
v 0.093946 0.117187 -0.024678
v 0.097153 0.117187 -0.000321
v 0.093946 0.117187 0.024036
v 0.094458 0.117187 0.020149
v 0.084545 0.117187 0.046733
v 0.069589 0.117187 0.066224
v 0.050099 0.117187 0.081179
v 0.027402 0.117187 0.090581
v 0.003045 0.117187 0.093787
v -0.021312 0.117187 0.090581
v -0.044977 0.116951 0.082856
v -0.066233 0.116655 0.068957
v -0.083464 0.116301 0.049625
v -0.095284 0.115887 0.026027
v -0.098753 0.115887 -0.000321
v -0.044977 0.116951 -0.083498
v -0.066233 0.116655 -0.069598
v -0.083464 0.116301 -0.050266
v -0.095284 0.115887 -0.026668
v -0.021813 0.116951 -0.093093
v 0.003045 0.116951 -0.096365
v 0.027903 0.116951 -0.093093
v 0.051067 0.116951 -0.083498
v 0.070959 0.116951 -0.068235
v 0.086222 0.116951 -0.048343
v 0.095817 0.116951 -0.025179
v 0.099090 0.116951 -0.000321
v 0.096362 0.116951 0.020400
v 0.095817 0.116951 0.024537
v 0.086222 0.116951 0.047702
v 0.070959 0.116951 0.067593
v 0.051067 0.116951 0.082856
v 0.027903 0.116951 0.092451
v 0.003045 0.116951 0.095724
v -0.021813 0.116951 0.092451
v -0.045942 0.116655 0.084526
v -0.067589 0.116301 0.070313
v -0.085115 0.115887 0.050578
v -0.100646 0.115416 -0.000321
v -0.097113 0.115416 0.026516
v -0.045942 0.116655 -0.085168
v -0.067589 0.116301 -0.070955
v -0.085115 0.115887 -0.051220
v -0.097113 0.115416 -0.027158
v -0.022312 0.116655 -0.094955
v 0.003045 0.116655 -0.098294
v 0.028402 0.116655 -0.094955
v 0.052031 0.116655 -0.085168
v 0.072322 0.116655 -0.069598
v 0.087892 0.116655 -0.049307
v 0.097679 0.116655 -0.025678
v 0.101018 0.116655 -0.000321
v 0.097679 0.116655 0.025037
v 0.098257 0.116655 0.020649
v 0.087892 0.116655 0.048666
v 0.072322 0.116655 0.068957
v 0.052031 0.116655 0.084526
v 0.028402 0.116655 0.094314
v 0.003045 0.116655 0.097652
v -0.022312 0.116655 0.094314
v -0.046901 0.116301 0.086188
v -0.068937 0.115887 0.071661
v -0.086754 0.115416 0.051525
v -0.102524 0.114887 -0.000321
v -0.098927 0.114887 0.027002
v -0.046901 0.116301 -0.086829
v -0.068937 0.115887 -0.072303
v -0.086754 0.115416 -0.052166
v -0.098927 0.114887 -0.027644
v -0.022809 0.116301 -0.096808
v 0.003045 0.116301 -0.100212
v 0.028899 0.116301 -0.096808
v 0.052991 0.116301 -0.086829
v 0.073679 0.116301 -0.070955
v 0.089553 0.116301 -0.050266
v 0.099532 0.116301 -0.026175
v 0.102936 0.116301 -0.000321
v 0.099532 0.116301 0.025533
v 0.100143 0.116301 0.020898
v 0.089553 0.116301 0.049625
v 0.073679 0.116301 0.070313
v 0.052991 0.116301 0.086188
v 0.028899 0.116301 0.096167
v 0.003045 0.116301 0.099571
v -0.022809 0.116301 0.096167
v -0.047854 0.115887 0.087839
v -0.070276 0.115416 0.073000
v -0.088380 0.114887 0.052464
v -0.100724 0.114300 0.027484
v -0.104384 0.114300 -0.000321
v -0.047854 0.115887 -0.088480
v -0.070276 0.115416 -0.073641
v -0.088380 0.114887 -0.053105
v -0.023302 0.115887 -0.098650
v 0.003045 0.115887 -0.102119
v 0.029392 0.115887 -0.098650
v 0.053944 0.115887 -0.088480
v 0.075027 0.115887 -0.072303
v 0.091204 0.115887 -0.051220
v 0.101374 0.115887 -0.026668
v 0.104843 0.115887 -0.000321
v 0.102017 0.115887 0.021144
v 0.101374 0.115887 0.026027
v 0.091204 0.115887 0.050578
v 0.075027 0.115887 0.071661
v 0.053944 0.115887 0.087839
v 0.029392 0.115887 0.098009
v 0.003045 0.115887 0.101477
v -0.023302 0.115887 0.098009
v -0.048801 0.115416 0.089478
v -0.071603 0.114887 0.074328
v -0.089992 0.114300 0.053394
v -0.048801 0.115416 -0.090120
v -0.071603 0.114887 -0.074969
v -0.089992 0.114300 -0.054035
v -0.023792 0.115416 -0.100479
v 0.003045 0.115416 -0.104012
v 0.029882 0.115416 -0.100479
v 0.054890 0.115416 -0.090120
v 0.076365 0.115416 -0.073641
v 0.092844 0.115416 -0.052166
v 0.103203 0.115416 -0.027158
v 0.106736 0.115416 -0.000321
v 0.103878 0.115416 0.021389
v 0.103203 0.115416 0.026516
v 0.092844 0.115416 0.051525
v 0.076365 0.115416 0.073000
v 0.054890 0.115416 0.089478
v 0.029882 0.115416 0.099837
v 0.003045 0.115416 0.103370
v -0.023792 0.115416 0.099837
v -0.049739 0.114887 0.091104
v -0.049739 0.114887 -0.091746
v -0.024278 0.114887 -0.102292
v 0.003045 0.114887 -0.105889
v 0.030368 0.114887 -0.102292
v 0.055829 0.114887 -0.091746
v 0.077693 0.114887 -0.074969
v 0.094470 0.114887 -0.053105
v 0.105016 0.114887 -0.027644
v 0.108614 0.114887 -0.000321
v 0.105016 0.114887 0.027002
v 0.105723 0.114887 0.021632
v 0.094470 0.114887 0.052464
v 0.077693 0.114887 0.074328
v 0.055829 0.114887 0.091104
v 0.030368 0.114887 0.101651
v 0.003045 0.114887 0.105248
v -0.024278 0.114887 0.101651
v -0.050670 0.114300 -0.093357
v 0.030850 0.114300 -0.104089
v 0.106814 0.114300 -0.028125
v 0.106814 0.114300 0.027484
v 0.030850 0.114300 0.103448
v 0.003045 0.114300 0.107109
v -0.024760 0.114300 0.103448
v -0.032292 0.142662 -0.004019
v -0.033262 0.143451 -0.007464
v -0.034583 0.141670 -0.007464
v -0.033547 0.140970 -0.004019
v -0.035867 0.139573 -0.007464
v -0.036232 0.142782 -0.010424
v -0.034805 0.144706 -0.010424
v -0.031788 0.145108 -0.007464
v -0.030891 0.144236 -0.004019
v -0.033193 0.140731 -0.000321
v -0.031961 0.142393 -0.000321
v -0.037585 0.140573 -0.010424
v -0.034419 0.138730 -0.000321
v -0.036817 0.146341 -0.012694
v -0.038380 0.144233 -0.012694
v -0.033214 0.146495 -0.010424
v -0.030173 0.146628 -0.007464
v -0.029357 0.145680 -0.004019
v -0.030586 0.143939 -0.000321
v -0.032292 0.142662 0.003377
v -0.033547 0.140970 0.003377
v -0.039823 0.141876 -0.012694
v -0.034787 0.138944 0.003377
v -0.039159 0.148245 -0.014121
v -0.040882 0.145922 -0.014121
v -0.035072 0.148302 -0.012694
v -0.031470 0.148136 -0.010424
v -0.027701 0.146982 -0.004019
v -0.028429 0.147998 -0.007464
v -0.029079 0.145357 -0.000321
v -0.030891 0.144236 0.003377
v -0.033262 0.143451 0.006823
v -0.034583 0.141670 0.006823
v -0.035867 0.139573 0.006823
v -0.042225 0.146828 -0.014365
v -0.040416 0.149267 -0.014365
v -0.041673 0.150289 -0.014608
v -0.043568 0.147734 -0.014608
v -0.037237 0.150407 -0.014121
v -0.033161 0.150101 -0.012694
v -0.029587 0.149615 -0.010424
v -0.026570 0.149209 -0.007464
v -0.025935 0.148132 -0.004019
v -0.027452 0.146635 -0.000321
v -0.029357 0.145680 0.003377
v -0.031788 0.145108 0.006823
v -0.036232 0.142782 0.009782
v -0.034805 0.144706 0.009782
v -0.043829 0.144208 -0.014365
v -0.037585 0.140573 0.009782
v -0.046253 0.149547 -0.014121
v -0.044187 0.152332 -0.014121
v -0.039559 0.152665 -0.014608
v -0.038398 0.151536 -0.014365
v -0.035130 0.152389 -0.014121
v -0.031097 0.151723 -0.012694
v -0.027581 0.150922 -0.010424
v -0.024612 0.150250 -0.007464
v -0.024075 0.149121 -0.004019
v -0.025718 0.147765 -0.000321
v -0.027701 0.146982 0.003377
v -0.030173 0.146628 0.006823
v -0.033214 0.146495 0.009782
v -0.038380 0.144233 0.012053
v -0.036817 0.146341 0.012053
v -0.046529 0.154237 -0.012694
v -0.048755 0.151236 -0.012694
v -0.041882 0.154923 -0.014121
v -0.036186 0.153617 -0.014365
v -0.037243 0.154844 -0.014608
v -0.032856 0.154176 -0.014121
v -0.028898 0.153155 -0.012694
v -0.025467 0.152046 -0.010424
v -0.022134 0.149941 -0.004019
v -0.022569 0.151113 -0.007464
v -0.023891 0.148736 -0.000321
v -0.025935 0.148132 0.003377
v -0.028429 0.147998 0.006823
v -0.031470 0.148136 0.009782
v -0.035072 0.148302 0.012053
v -0.040882 0.145922 0.013480
v -0.039159 0.148245 0.013480
v -0.042430 0.143393 0.013480
v -0.048540 0.155872 -0.010424
v -0.050903 0.152686 -0.010424
v -0.044046 0.157028 -0.012694
v -0.039356 0.157300 -0.014121
v -0.033799 0.155493 -0.014365
v -0.034742 0.156810 -0.014608
v -0.030432 0.155755 -0.014121
v -0.026580 0.154387 -0.012694
v -0.023261 0.152978 -0.010424
v -0.020457 0.151791 -0.007464
v -0.020128 0.150585 -0.004019
v -0.021986 0.149541 -0.000321
v -0.024075 0.149121 0.003377
v -0.026570 0.149209 0.006823
v -0.029587 0.149615 0.009782
v -0.033161 0.150101 0.012053
v -0.037237 0.150407 0.013480
v -0.040416 0.149267 0.013723
v -0.043568 0.147734 0.013967
v -0.042225 0.146828 0.013723
v -0.041673 0.150289 0.013967
v -0.052872 0.149471 -0.010424
v -0.043829 0.144208 0.013723
v -0.050084 0.157127 -0.007464
v -0.052552 0.153799 -0.007464
v -0.045904 0.158835 -0.010424
v -0.041325 0.159588 -0.012694
v -0.036629 0.159443 -0.014121
v -0.032078 0.158546 -0.014608
v -0.031255 0.157150 -0.014365
v -0.027877 0.157113 -0.014121
v -0.024163 0.155408 -0.012694
v -0.020981 0.153710 -0.010424
v -0.018073 0.151049 -0.004019
v -0.018294 0.152280 -0.007464
v -0.020016 0.150174 -0.000321
v -0.022134 0.149941 0.003377
v -0.024612 0.150250 0.006823
v -0.027581 0.150922 0.009782
v -0.031097 0.151723 0.012053
v -0.035130 0.152389 0.013480
v -0.038398 0.151536 0.013723
v -0.039559 0.152665 0.013967
v -0.046253 0.149547 0.013480
v -0.044187 0.152332 0.013480
v -0.051054 0.157915 -0.004019
v -0.053588 0.154499 -0.004019
v -0.047330 0.160222 -0.007464
v -0.043016 0.161553 -0.010424
v -0.038388 0.161897 -0.012694
v -0.033723 0.161336 -0.014121
v -0.029269 0.160038 -0.014608
v -0.028573 0.158575 -0.014365
v -0.025213 0.158238 -0.014121
v -0.021664 0.156211 -0.012694
v -0.018645 0.154238 -0.010424
v -0.015985 0.151329 -0.004019
v -0.016096 0.152574 -0.007464
v -0.017998 0.150629 -0.000321
v -0.020128 0.150585 0.003377
v -0.022569 0.151113 0.006823
v -0.025467 0.152046 0.009782
v -0.028898 0.153155 0.012053
v -0.032856 0.154176 0.013480
v -0.036186 0.153617 0.013723
v -0.037243 0.154844 0.013967
v -0.041882 0.154923 0.013480
v -0.046529 0.154237 0.012053
v -0.048755 0.151236 0.012053
v -0.051385 0.158184 -0.000321
v -0.053942 0.154737 -0.000321
v -0.048227 0.161094 -0.004019
v -0.044313 0.163061 -0.007464
v -0.039897 0.164004 -0.010424
v -0.035257 0.163936 -0.012694
v -0.030661 0.162963 -0.014121
v -0.026340 0.161276 -0.014608
v -0.025776 0.159757 -0.014365
v -0.022459 0.159123 -0.014121
v -0.019103 0.156789 -0.012694
v -0.016272 0.154556 -0.010424
v -0.013639 0.152683 -0.007464
v -0.013612 0.151434 -0.004019
v -0.015947 0.150904 -0.000321
v -0.018073 0.151049 0.003377
v -0.020457 0.151791 0.006823
v -0.023261 0.152978 0.009782
v -0.026580 0.154387 0.012053
v -0.030432 0.155755 0.013480
v -0.034742 0.156810 0.013967
v -0.033799 0.155493 0.013723
v -0.039356 0.157300 0.013480
v -0.044046 0.157028 0.012053
v -0.048540 0.155872 0.009782
v -0.050903 0.152686 0.009782
v -0.056038 0.151314 -0.000321
v -0.053588 0.154499 0.003377
v -0.051054 0.157915 0.003377
v -0.048533 0.161391 -0.000321
v -0.045129 0.164009 -0.004019
v -0.041056 0.165621 -0.007464
v -0.036574 0.166169 -0.010424
v -0.031958 0.165689 -0.012694
v -0.027466 0.164313 -0.014121
v -0.022885 0.160686 -0.014365
v -0.023312 0.162248 -0.014608
v -0.019637 0.159760 -0.014121
v -0.016502 0.157138 -0.012694
v -0.013684 0.154671 -0.010424
v -0.013602 0.151008 -0.000321
v -0.015985 0.151329 0.003377
v -0.018294 0.152280 0.006823
v -0.020981 0.153710 0.009782
v -0.024163 0.155408 0.012053
v -0.027877 0.157113 0.013480
v -0.031255 0.157150 0.013723
v -0.032078 0.158546 0.013967
v -0.036629 0.159443 0.013480
v -0.041325 0.159588 0.012053
v -0.045904 0.158835 0.009782
v -0.052552 0.153799 0.006823
v -0.050084 0.157127 0.006823
v -0.054589 0.150471 0.006823
v -0.048227 0.161094 0.003377
v -0.045407 0.164332 -0.000321
v -0.041784 0.166637 -0.004019
v -0.037585 0.167882 -0.007464
v -0.033072 0.168030 -0.010424
v -0.028516 0.167143 -0.012694
v -0.024165 0.165374 -0.014121
v -0.020209 0.162949 -0.014608
v -0.019923 0.161355 -0.014365
v -0.016770 0.160145 -0.014121
v -0.013741 0.157260 -0.012694
v 0.079245 0.154671 -0.010424
v 0.079245 0.151008 -0.000321
v -0.013612 0.151434 0.003377
v -0.016096 0.152574 0.006823
v -0.018645 0.154238 0.009782
v -0.021664 0.156211 0.012053
v -0.025213 0.158238 0.013480
v -0.029269 0.160038 0.013967
v -0.028573 0.158575 0.013723
v -0.033723 0.161336 0.013480
v -0.038388 0.161897 0.012053
v -0.043016 0.161553 0.009782
v -0.047330 0.160222 0.006823
v -0.045129 0.164009 0.003377
v -0.042033 0.166984 -0.000321
v -0.038220 0.168959 -0.004019
v -0.033926 0.169826 -0.007464
v -0.029418 0.169574 -0.010424
v -0.024960 0.168286 -0.012694
v -0.020782 0.166137 -0.014121
v -0.016914 0.161758 -0.014365
v -0.017057 0.163371 -0.014608
v -0.013808 0.160276 -0.014121
v 0.079245 0.151434 0.003377
v -0.013639 0.152683 0.006823
v -0.016272 0.154556 0.009782
v -0.019103 0.156789 0.012053
v -0.022459 0.159123 0.013480
v -0.026340 0.161276 0.013967
v -0.025776 0.159757 0.013723
v -0.030661 0.162963 0.013480
v -0.035257 0.163936 0.012053
v -0.039897 0.164004 0.009782
v -0.044313 0.163061 0.006823
v -0.041784 0.166637 0.003377
v -0.038437 0.169326 -0.000321
v -0.034464 0.170955 -0.004019
v -0.030110 0.171438 -0.007464
v -0.025642 0.170787 -0.010424
v -0.021315 0.169109 -0.012694
v -0.017345 0.166598 -0.014121
v -0.013844 0.161894 -0.014365
v -0.013880 0.163513 -0.014608
v -0.013684 0.154671 0.009782
v -0.016502 0.157138 0.012053
v -0.019637 0.159760 0.013480
v -0.023312 0.162248 0.013967
v -0.022885 0.160686 0.013723
v -0.027466 0.164313 0.013480
v -0.031958 0.165689 0.012053
v -0.036574 0.166169 0.009782
v -0.041056 0.165621 0.006823
v -0.038220 0.168959 0.003377
v -0.034647 0.171341 -0.000321
v -0.030545 0.172611 -0.004019
v -0.026166 0.172706 -0.007464
v -0.021773 0.171660 -0.010424
v -0.017612 0.169605 -0.012694
v -0.013952 0.166749 -0.014121
v 0.079245 0.154671 0.009782
v -0.013741 0.157260 0.012053
v -0.016770 0.160145 0.013480
v -0.019923 0.161355 0.013723
v -0.020209 0.162949 0.013967
v -0.024165 0.165374 0.013480
v -0.028516 0.167143 0.012053
v -0.033072 0.168030 0.009782
v -0.037585 0.167882 0.006823
v -0.034464 0.170955 0.003377
v -0.030693 0.173011 -0.000321
v -0.026495 0.173912 -0.004019
v -0.022125 0.173618 -0.007464
v -0.017842 0.172187 -0.010424
v -0.014019 0.169765 -0.012694
v 0.079245 0.166749 -0.014121
v -0.013808 0.160276 0.013480
v -0.016914 0.161758 0.013723
v -0.017057 0.163371 0.013967
v -0.020782 0.166137 0.013480
v -0.024960 0.168286 0.012053
v -0.029418 0.169574 0.009782
v -0.033926 0.169826 0.006823
v -0.030545 0.172611 0.003377
v -0.026607 0.174323 -0.000321
v -0.022346 0.174849 -0.004019
v -0.018019 0.174168 -0.007464
v -0.014076 0.172354 -0.010424
v 0.079245 0.160276 0.013480
v -0.013880 0.163513 0.013967
v -0.013844 0.161894 0.013723
v -0.017345 0.166598 0.013480
v -0.021315 0.169109 0.012053
v -0.025642 0.170787 0.009782
v -0.030110 0.171438 0.006823
v -0.026495 0.173912 0.003377
v -0.022421 0.175269 -0.000321
v -0.018130 0.175414 -0.004019
v -0.014120 0.174342 -0.007464
v 0.079245 0.163513 0.013967
v -0.013952 0.166749 0.013480
v -0.017612 0.169605 0.012053
v -0.021773 0.171660 0.009782
v -0.026166 0.172706 0.006823
v -0.022346 0.174849 0.003377
v -0.018167 0.175839 -0.000321
v -0.014148 0.175591 -0.004019
v -0.014019 0.169765 0.012053
v -0.017842 0.172187 0.009782
v -0.022125 0.173618 0.006823
v -0.018130 0.175414 0.003377
v -0.014158 0.176017 -0.000321
v -0.014076 0.172354 0.009782
v -0.018019 0.174168 0.006823
v -0.014148 0.175591 0.003377
v 0.079245 0.176017 -0.000321
v 0.079245 0.172354 0.009782
v -0.014120 0.174342 0.006823
v 0.079245 0.174342 0.006823
v -0.084421 0.101709 -0.004019
v -0.076777 0.097260 0.013480
v -0.072581 0.094817 -0.014365
v -0.064618 0.090182 0.006823
v -0.063539 0.089553 -0.004019
v -0.063539 0.089553 0.003377
v -0.064618 0.090182 -0.007464
v -0.066336 0.091182 0.009782
v -0.066336 0.091182 -0.010424
v -0.072581 0.094817 0.013723
v -0.083341 0.101080 -0.007464
v -0.084421 0.101709 0.003377
v -0.081623 0.100080 -0.010424
v -0.079384 0.098777 -0.012694
v -0.076777 0.097260 -0.014121
v -0.073980 0.095631 -0.014608
v -0.079384 0.098777 0.012053
v -0.058979 0.117475 0.020270
v -0.045228 0.145022 0.013967
v -0.048026 0.146651 0.013480
v -0.039823 0.141876 0.012053
v -0.050633 0.148168 0.012053
v -0.052872 0.149471 0.009782
v -0.073749 0.117475 0.014980
v -0.076554 0.117475 0.011009
v -0.055669 0.151100 0.003377
v -0.043608 0.117475 0.001422
v -0.034787 0.138944 -0.004019
v -0.055669 0.151100 -0.004019
v -0.078318 0.117475 -0.003540
v -0.054589 0.150471 -0.007464
v -0.052436 0.117475 -0.015183
v -0.056694 0.117475 -0.017098
v -0.050633 0.148168 -0.012694
v -0.042430 0.143393 -0.014121
v -0.048026 0.146651 -0.014121
v -0.061264 0.117475 -0.017751
v -0.058979 0.117475 -0.017425
v -0.045228 0.145022 -0.014608
v -0.081623 0.100080 0.009782
v -0.083341 0.101080 0.006823
v -0.078318 0.117475 0.006385
v -0.084789 0.101923 -0.000321
v -0.073980 0.095631 0.013967
v -0.056694 0.117475 0.019943
v -0.071182 0.094002 0.013480
v -0.068575 0.092485 0.012053
v -0.063170 0.089339 -0.000321
v -0.071182 0.094002 -0.014121
v -0.044209 0.117475 -0.003540
v -0.068575 0.092485 -0.012694
v -0.065834 0.117475 0.019943
v -0.061264 0.117475 0.020596
v -0.052436 0.117475 0.018027
v -0.048779 0.117475 -0.012136
v -0.048779 0.117475 0.014980
v -0.065834 0.117475 -0.017098
v -0.070092 0.117475 0.018027
v -0.070092 0.117475 -0.015183
v -0.076554 0.117475 -0.008165
v 0.079245 0.175591 0.003377
v 0.081682 0.174840 -0.000321
v 0.081682 0.174445 0.003107
v 0.081682 0.174445 -0.003749
v 0.079245 0.175591 -0.004019
v 0.083830 0.172843 0.002730
v 0.083830 0.173194 -0.000321
v 0.081682 0.173291 0.006290
v 0.081682 0.173291 -0.006931
v 0.079245 0.174342 -0.007464
v 0.083830 0.172843 -0.003372
v 0.085600 0.171148 -0.000321
v 0.085600 0.170850 0.002261
v 0.083830 0.171822 0.005545
v 0.081682 0.171469 0.009004
v 0.081682 0.171469 -0.009645
v 0.083830 0.171822 -0.006186
v 0.085600 0.170850 -0.002902
v 0.086920 0.168550 0.001719
v 0.086920 0.168785 -0.000321
v 0.085600 0.169996 0.004618
v 0.083830 0.170231 0.007915
v 0.079245 0.169765 0.012053
v 0.081682 0.169117 0.011066
v 0.081682 0.169117 -0.011707
v 0.083830 0.170231 -0.008556
v 0.085600 0.169996 -0.005259
v 0.086920 0.168550 -0.002361
v 0.087734 0.166038 0.001128
v 0.087734 0.166205 -0.000321
v 0.086920 0.167887 0.003548
v 0.085600 0.168691 0.006561
v 0.083830 0.168211 0.009686
v 0.079245 0.166749 0.013480
v 0.081682 0.166404 0.012349
v 0.081682 0.166404 -0.012991
v 0.083830 0.168211 -0.010327
v 0.085600 0.168691 -0.007203
v 0.086920 0.167887 -0.004189
v 0.087734 0.166038 -0.001769
v 0.088000 0.163513 0.000533
v 0.088010 0.163513 -0.000321
v 0.087734 0.165584 0.002379
v 0.086920 0.166913 0.004998
v 0.085600 0.167084 0.007970
v 0.083830 0.165923 0.010768
v 0.081682 0.163513 0.012784
v 0.081682 0.163513 -0.013426
v 0.079245 0.163513 -0.014608
v 0.083830 0.165923 -0.011410
v 0.085600 0.167084 -0.008611
v 0.086920 0.166913 -0.005640
v 0.087734 0.165584 -0.003021
v 0.088000 0.163513 -0.001175
v 0.087734 0.160820 -0.000321
v 0.087734 0.160987 0.001128
v 0.087972 0.163513 0.001328
v 0.087734 0.164971 0.003291
v 0.086920 0.165784 0.005989
v 0.085600 0.165324 0.008803
v 0.083830 0.163513 0.011131
v 0.081682 0.162068 0.012567
v 0.081682 0.160621 0.012349
v 0.081682 0.162068 -0.013209
v 0.079245 0.161894 -0.014365
v 0.079245 0.160276 -0.014121
v 0.081682 0.160621 -0.012991
v 0.083830 0.163513 -0.011773
v 0.085600 0.165324 -0.009444
v 0.086920 0.165784 -0.006630
v 0.087734 0.164971 -0.003933
v 0.087972 0.163513 -0.001969
v 0.087734 0.160987 -0.001769
v 0.087734 0.161441 0.002379
v 0.086920 0.158475 0.001719
v 0.086920 0.158240 -0.000321
v 0.087933 0.163513 0.002009
v 0.087734 0.164363 0.003825
v 0.086920 0.164633 0.006533
v 0.085600 0.163513 0.009075
v 0.083830 0.161102 0.010768
v 0.083830 0.162311 0.010950
v 0.081682 0.157908 0.011066
v 0.083830 0.161102 -0.011410
v 0.083830 0.162311 -0.011592
v 0.081682 0.157908 -0.011707
v 0.085600 0.163513 -0.009717
v 0.086920 0.164633 -0.007175
v 0.087734 0.164363 -0.004466
v 0.087933 0.163513 -0.002650
v 0.087734 0.161441 -0.003021
v 0.086920 0.158475 -0.002361
v 0.087734 0.162054 0.003291
v 0.086920 0.159138 0.003548
v 0.085600 0.155877 -0.000321
v 0.085600 0.156175 0.002261
v 0.087892 0.163513 0.002529
v 0.087734 0.163878 0.004054
v 0.086920 0.163513 0.006702
v 0.085600 0.161701 0.008803
v 0.085600 0.162614 0.008940
v 0.083830 0.158814 0.009686
v 0.081682 0.155556 0.009004
v 0.085600 0.162614 -0.009581
v 0.085600 0.161701 -0.009444
v 0.083830 0.158814 -0.010327
v 0.081682 0.155556 -0.009645
v 0.086920 0.163513 -0.007343
v 0.087734 0.163878 -0.004696
v 0.087892 0.163513 -0.003171
v 0.087734 0.162054 -0.003933
v 0.086920 0.159138 -0.004189
v 0.085600 0.156175 -0.002902
v 0.087734 0.162662 0.003825
v 0.086920 0.160112 0.004998
v 0.085600 0.157029 0.004618
v 0.083830 0.154182 0.002730
v 0.083830 0.153831 -0.000321
v 0.087734 0.163513 0.004109
v 0.086920 0.162963 0.006619
v 0.086920 0.162392 0.006533
v 0.085600 0.159941 0.007970
v 0.083830 0.156795 0.007915
v 0.081682 0.153734 0.006290
v 0.085600 0.159941 -0.008611
v 0.086920 0.162963 -0.007261
v 0.086920 0.162392 -0.007175
v 0.083830 0.156795 -0.008556
v 0.081682 0.153734 -0.006931
v 0.087734 0.163513 -0.004751
v 0.087734 0.162662 -0.004466
v 0.086920 0.160112 -0.005640
v 0.085600 0.157029 -0.005259
v 0.083830 0.154182 -0.003372
v 0.087734 0.163147 0.004054
v 0.086920 0.161241 0.005989
v 0.085600 0.158334 0.006561
v 0.083830 0.155203 0.005545
v 0.081682 0.152580 0.003107
v 0.081682 0.152185 -0.000321
v 0.087734 0.163344 0.004084
v 0.085600 0.158334 -0.007203
v 0.086920 0.161241 -0.006630
v 0.087734 0.163147 -0.004696
v 0.087734 0.163344 -0.004725
v 0.083830 0.155203 -0.006186
v 0.081682 0.152580 -0.003749
v 0.079245 0.161894 0.013723
v 0.079245 0.152683 0.006823
v 0.079245 0.172354 -0.010424
v 0.079245 0.169765 -0.012694
v 0.079245 0.157260 -0.012694
v 0.079245 0.152683 -0.007464
v 0.079245 0.151434 -0.004019
v 0.079245 0.157260 0.012053
v -0.043568 0.147734 -0.000321
v -0.045228 0.145022 -0.000321
v -0.041673 0.150289 -0.000321
v -0.039559 0.152665 -0.000321
v -0.037243 0.154844 -0.000321
v -0.034742 0.156810 -0.000321
v -0.032078 0.158546 -0.000321
v -0.029269 0.160038 -0.000321
v -0.026340 0.161276 -0.000321
v -0.023312 0.162248 -0.000321
v -0.020209 0.162949 -0.000321
v -0.017057 0.163371 -0.000321
v -0.013880 0.163513 -0.000321
v 0.109877 0.038100 -0.000321
v 0.109877 0.000000 -0.000321
v 0.079245 0.163399 0.000560
v 0.079245 0.163513 -0.000321
v 0.079245 0.163181 0.001160
v 0.079245 0.162946 0.001511
v 0.087911 0.162946 0.001511
v 0.079245 0.162881 0.001567
v 0.087902 0.162881 0.001567
v 0.079245 0.163399 -0.001201
v 0.079245 0.163181 -0.001801
v 0.087946 0.163181 -0.001801
v 0.079245 0.162881 -0.002209
v 0.079245 0.163626 0.000560
v 0.079245 0.163844 0.001160
v 0.079245 0.164144 0.001567
v 0.079245 0.163626 -0.001201
v 0.079245 0.163844 -0.001801
v 0.079245 0.164144 -0.002209
v -0.078448 0.117475 0.021515
v -0.078448 0.117475 -0.022157
v -0.073749 0.117475 -0.012136
v 0.003045 0.117475 -0.084688
v 0.003045 0.117475 0.084046
v 0.045228 0.117475 0.072743
v 0.062701 0.117475 0.059336
v 0.062701 0.117475 -0.059977
v 0.076109 0.117475 0.041863
v 0.084537 0.117475 0.021515
v 0.084883 0.117475 0.018889
v -0.044209 0.117475 0.006385
v -0.070019 0.117475 0.041863
v 0.045228 0.117475 -0.073385
v 0.024881 0.117475 -0.081813
v 0.024881 0.117475 0.081172
v -0.045973 0.117475 -0.008165
v -0.056612 0.117475 -0.059977
v -0.070019 0.117475 -0.042504
v -0.039139 0.117475 -0.073385
v -0.018791 0.117475 -0.081813
v 0.076109 0.117475 -0.042504
v 0.084537 0.117475 -0.022157
v 0.087412 0.117475 -0.000321
v -0.018791 0.117475 0.081172
v -0.039139 0.117475 0.072743
v -0.056612 0.117475 0.059336
v -0.045973 0.117475 0.011009
v -0.058979 0.117475 0.020270
v -0.073749 0.117475 0.014980
v -0.076554 0.117475 0.011009
v -0.043608 0.117475 0.001422
v -0.078318 0.117475 -0.003540
v -0.052436 0.117475 -0.015183
v -0.056694 0.117475 -0.017098
v -0.061264 0.117475 -0.017751
v -0.058979 0.117475 -0.017425
v -0.078318 0.117475 0.006385
v -0.056694 0.117475 0.019943
v -0.044209 0.117475 -0.003540
v -0.065834 0.117475 0.019943
v -0.061264 0.117475 0.020596
v -0.052436 0.117475 0.018027
v -0.048779 0.117475 -0.012136
v -0.048779 0.117475 0.014980
v -0.065834 0.117475 -0.017098
v -0.070092 0.117475 0.018027
v -0.070092 0.117475 -0.015183
v -0.076554 0.117475 -0.008165
vn -0.0000 -1.0000 -0.0000
vn -0.0000 -0.0000 1.0000
vn -0.2566 -0.1302 0.9577
vn -0.0000 -0.1302 0.9915
vn -0.2588 -0.0000 0.9659
vn -0.4957 -0.1302 0.8587
vn -0.5000 -0.0000 0.8660
vn 0.2588 -0.0000 0.9659
vn 0.2566 -0.1302 0.9577
vn -0.7071 0.0002 0.7071
vn -0.7071 -0.0000 0.7071
vn 0.5000 -0.0000 0.8660
vn 0.4958 -0.1302 0.8587
vn -0.8660 -0.0000 0.5000
vn -0.8587 -0.1302 0.4957
vn 0.7071 -0.0000 0.7071
vn 0.7011 -0.1302 0.7011
vn -0.9659 -0.0000 0.2588
vn -0.9577 -0.1302 0.2566
vn 0.8587 -0.1302 0.4957
vn 0.8660 -0.0000 0.5000
vn -0.9915 -0.0000 0.1304
vn -0.9913 -0.0679 -0.1129
vn 0.9577 -0.1302 0.2566
vn 0.9659 -0.0000 0.2588
vn -0.9659 -0.0000 -0.2588
vn -0.9577 -0.1302 -0.2566
vn 0.9888 -0.1151 0.0949
vn 0.9915 -0.0000 -0.1304
vn -0.8660 -0.0000 -0.5000
vn -0.8587 -0.1302 -0.4957
vn 0.9577 -0.1302 -0.2566
vn 0.9659 -0.0000 -0.2588
vn -0.7071 -0.0000 -0.7071
vn -0.7011 -0.1302 -0.7011
vn 0.8587 -0.1302 -0.4957
vn 0.8660 -0.0000 -0.5000
vn -0.4958 -0.1302 -0.8587
vn -0.5000 -0.0000 -0.8660
vn 0.7071 0.0002 -0.7071
vn 0.7071 -0.0000 -0.7071
vn -0.2566 -0.1302 -0.9577
vn -0.2588 -0.0000 -0.9659
vn 0.5000 -0.0000 -0.8660
vn 0.4957 -0.1302 -0.8587
vn -0.0000 -0.1302 -0.9915
vn -0.0000 -0.0000 -1.0000
vn 0.2588 -0.0000 -0.9659
vn 0.2566 -0.1302 -0.9577
vn 0.2248 -0.4954 -0.8391
vn -0.0000 -0.2561 -0.9666
vn 0.2502 -0.2561 -0.9337
vn -0.0000 -0.4954 -0.8687
vn 0.4343 -0.4954 -0.7523
vn 0.4833 -0.2561 -0.8371
vn 0.1844 -0.7017 -0.6882
vn -0.0000 -0.7017 -0.7125
vn -0.2502 -0.2561 -0.9337
vn -0.2248 -0.4954 -0.8391
vn -0.0000 -0.1305 -0.9914
vn 0.2566 -0.1305 -0.9577
vn 0.6143 -0.4954 -0.6143
vn 0.6835 -0.2562 -0.6835
vn 0.3562 -0.7017 -0.6170
vn 0.4957 -0.1305 -0.8586
vn 0.1315 -0.8613 -0.4908
vn -0.0000 -0.8613 -0.5081
vn -0.1844 -0.7017 -0.6882
vn -0.4833 -0.2561 -0.8371
vn -0.4343 -0.4954 -0.7523
vn -0.2566 -0.1305 -0.9577
vn 0.8371 -0.2561 -0.4833
vn 0.7523 -0.4954 -0.4343
vn 0.5038 -0.7017 -0.5038
vn 0.7011 -0.1305 -0.7011
vn 0.2540 -0.8613 -0.4400
vn 0.0696 -0.9632 -0.2597
vn -0.0000 -0.9632 -0.2689
vn -0.1315 -0.8613 -0.4908
vn -0.3562 -0.7017 -0.6170
vn -0.6835 -0.2561 -0.6835
vn -0.6143 -0.4954 -0.6143
vn -0.4957 -0.1305 -0.8586
vn 0.9337 -0.2561 -0.2502
vn 0.8391 -0.4954 -0.2248
vn 0.6170 -0.7017 -0.3562
vn 0.8586 -0.1305 -0.4957
vn 0.3593 -0.8613 -0.3593
vn 0.1345 -0.9632 -0.2329
vn 0.0761 -0.9558 -0.2841
vn -0.0000 -0.9555 -0.2951
vn -0.0696 -0.9632 -0.2597
vn -0.2540 -0.8613 -0.4400
vn -0.5038 -0.7017 -0.5038
vn -0.8371 -0.2561 -0.4833
vn -0.7523 -0.4954 -0.4343
vn -0.7011 -0.1305 -0.7011
vn 0.9666 -0.2561 -0.0000
vn 0.8687 -0.4954 -0.0000
vn 0.6882 -0.7017 -0.1844
vn 0.9577 -0.1305 -0.2566
vn 0.4400 -0.8613 -0.2540
vn 0.1901 -0.9632 -0.1901
vn 0.1471 -0.9558 -0.2547
vn -0.0765 -0.9553 -0.2854
vn -0.1345 -0.9632 -0.2329
vn -0.3593 -0.8613 -0.3593
vn -0.6170 -0.7017 -0.3562
vn -0.9337 -0.2561 -0.2502
vn -0.8391 -0.4954 -0.2248
vn -0.8586 -0.1305 -0.4957
vn 0.9337 -0.2561 0.2502
vn 0.8391 -0.4954 0.2248
vn 0.7125 -0.7017 -0.0000
vn 0.9914 -0.1305 -0.0000
vn 0.4908 -0.8613 -0.1315
vn 0.2329 -0.9632 -0.1345
vn 0.2080 -0.9558 -0.2080
vn -0.1471 -0.9558 -0.2547
vn -0.1901 -0.9632 -0.1901
vn -0.4400 -0.8613 -0.2540
vn -0.6882 -0.7017 -0.1844
vn -0.9666 -0.2561 -0.0000
vn -0.8687 -0.4954 -0.0000
vn -0.9577 -0.1305 -0.2566
vn 0.7523 -0.4954 0.4343
vn 0.8371 -0.2561 0.4833
vn 0.6882 -0.7017 0.1844
vn 0.9577 -0.1305 0.2566
vn 0.5081 -0.8613 -0.0000
vn 0.2597 -0.9632 -0.0696
vn 0.2548 -0.9558 -0.1471
vn -0.2080 -0.9558 -0.2080
vn -0.2329 -0.9632 -0.1345
vn -0.4908 -0.8613 -0.1315
vn -0.7125 -0.7017 -0.0000
vn -0.8391 -0.4954 0.2248
vn -0.9337 -0.2561 0.2502
vn -0.9914 -0.1305 -0.0000
vn 0.6143 -0.4954 0.6143
vn 0.6835 -0.2561 0.6835
vn 0.6170 -0.7017 0.3562
vn 0.8586 -0.1305 0.4957
vn 0.4908 -0.8613 0.1315
vn 0.2689 -0.9632 -0.0000
vn 0.2841 -0.9558 -0.0761
vn -0.2548 -0.9558 -0.1471
vn -0.2597 -0.9632 -0.0696
vn -0.5081 -0.8613 -0.0000
vn -0.6882 -0.7017 0.1844
vn -0.7523 -0.4954 0.4343
vn -0.8371 -0.2561 0.4833
vn -0.9577 -0.1305 0.2566
vn 0.4343 -0.4954 0.7523
vn 0.4833 -0.2561 0.8371
vn 0.5038 -0.7017 0.5038
vn 0.7011 -0.1305 0.7011
vn 0.4400 -0.8613 0.2540
vn 0.2597 -0.9632 0.0696
vn 0.1256 -0.9921 -0.0000
vn -0.2850 -0.9555 -0.0764
vn -0.2689 -0.9632 -0.0000
vn -0.4908 -0.8613 0.1315
vn -0.6170 -0.7017 0.3562
vn -0.6143 -0.4954 0.6143
vn -0.6835 -0.2561 0.6835
vn -0.8586 -0.1305 0.4957
vn 0.2248 -0.4954 0.8391
vn 0.2502 -0.2561 0.9337
vn 0.3562 -0.7017 0.6170
vn 0.4957 -0.1305 0.8586
vn 0.3593 -0.8613 0.3593
vn 0.2329 -0.9632 0.1345
vn 0.2841 -0.9558 0.0761
vn -0.1299 -0.9912 -0.0237
vn -0.1256 -0.9921 -0.0000
vn -0.2597 -0.9632 0.0696
vn -0.4400 -0.8613 0.2540
vn -0.5038 -0.7017 0.5038
vn -0.4833 -0.2561 0.8371
vn -0.4343 -0.4954 0.7523
vn -0.7011 -0.1305 0.7011
vn -0.0000 -0.4954 0.8687
vn -0.0000 -0.2561 0.9666
vn 0.1844 -0.7017 0.6882
vn 0.2566 -0.1305 0.9577
vn 0.2540 -0.8613 0.4400
vn 0.1901 -0.9632 0.1901
vn 0.2547 -0.9558 0.1471
vn -0.2841 -0.9558 0.0761
vn -0.2329 -0.9632 0.1345
vn -0.3593 -0.8613 0.3593
vn -0.3562 -0.7017 0.6170
vn -0.2502 -0.2561 0.9337
vn -0.2248 -0.4954 0.8391
vn -0.4957 -0.1305 0.8586
vn -0.0000 -0.7017 0.7125
vn -0.0000 -0.1305 0.9914
vn 0.1315 -0.8613 0.4908
vn 0.1345 -0.9632 0.2329
vn 0.2080 -0.9558 0.2080
vn -0.2547 -0.9558 0.1471
vn -0.1901 -0.9632 0.1901
vn -0.2540 -0.8613 0.4400
vn -0.1844 -0.7017 0.6882
vn -0.2566 -0.1305 0.9577
vn -0.0000 -0.8613 0.5081
vn 0.0696 -0.9632 0.2597
vn 0.1471 -0.9558 0.2547
vn -0.2080 -0.9558 0.2080
vn -0.1345 -0.9632 0.2329
vn -0.1315 -0.8613 0.4908
vn -0.0000 -0.9632 0.2689
vn 0.0761 -0.9558 0.2841
vn -0.1471 -0.9558 0.2547
vn -0.0696 -0.9632 0.2597
vn -0.0000 -0.9558 0.2942
vn -0.0767 -0.9551 0.2862
vn -0.1901 -0.9632 -0.1902
vn -0.2540 -0.8614 -0.4399
vn -0.1315 -0.8613 -0.4907
vn -0.0923 -0.9914 -0.0923
vn -0.0653 -0.9914 -0.1130
vn -0.2541 -0.8613 -0.4401
vn -0.0338 -0.9914 -0.1261
vn -0.1845 -0.7017 -0.6882
vn -0.1130 -0.9914 -0.0653
vn 0.1315 -0.8613 -0.4907
vn -0.0000 -0.9914 -0.1305
vn -0.0000 -0.7018 -0.7124
vn -0.2249 -0.4953 -0.8391
vn -0.1261 -0.9914 -0.0338
vn 0.0338 -0.9914 -0.1261
vn 0.1844 -0.7018 -0.6881
vn -0.1305 -0.9914 -0.0000
vn 0.0653 -0.9914 -0.1130
vn 0.1845 -0.7017 -0.6882
vn -0.0000 -0.4953 -0.8687
vn -0.1261 -0.9914 0.0338
vn 0.0923 -0.9914 -0.0923
vn 0.2249 -0.4953 -0.8391
vn -0.1130 -0.9914 0.0653
vn 0.1130 -0.9914 -0.0653
vn -0.0923 -0.9914 0.0923
vn 0.1261 -0.9914 -0.0338
vn 0.6835 -0.2561 -0.6835
vn -0.0653 -0.9914 0.1130
vn 0.1305 -0.9914 -0.0000
vn -0.0338 -0.9914 0.1261
vn -0.6835 -0.2562 0.6835
vn 0.1261 -0.9914 0.0338
vn -0.0000 -0.9914 0.1305
vn 0.1130 -0.9914 0.0653
vn 0.0338 -0.9914 0.1261
vn 0.0923 -0.9914 0.0923
vn 0.0653 -0.9914 0.1130
vn 0.3592 0.8614 0.3592
vn 0.1902 0.9631 0.1902
vn 0.2540 0.8614 0.4399
vn 0.1315 0.8613 0.4908
vn 0.1844 0.7017 0.6882
vn 0.2540 0.8613 0.4401
vn -0.0000 0.7017 0.7125
vn -0.0000 0.4954 0.8687
vn 0.2248 0.4954 0.8391
vn -0.1316 0.8613 0.4908
vn -0.2540 0.8613 0.4401
vn -0.1844 0.7018 0.6881
vn -0.2248 0.4954 0.8391
vn -0.1844 0.7017 0.6883
vn -0.6170 0.7017 0.3563
vn -0.7523 0.4954 0.4344
vn -0.5038 0.7017 0.5038
vn -0.0152 -0.9999 -0.0000
vn 0.0149 -0.9999 -0.0040
vn 0.0155 -0.9999 -0.0000
vn -0.0147 -0.9999 0.0039
vn 0.0149 -0.9999 0.0040
vn -0.0147 -0.9999 -0.0039
vn -0.0172 -0.9999 -0.0000
vn -0.0166 -0.9999 0.0045
vn 0.0134 -0.9999 -0.0077
vn -0.0131 -0.9999 0.0076
vn 0.0445 -0.9989 -0.0119
vn 0.0461 -0.9989 -0.0000
vn 0.0134 -0.9999 0.0077
vn -0.0130 -0.9999 -0.0076
vn -0.0166 -0.9999 -0.0045
vn 0.0445 -0.9989 0.0119
vn -0.0149 -0.9999 0.0086
vn 0.0109 -0.9999 -0.0109
vn -0.0107 -0.9999 0.0107
vn 0.0399 -0.9989 -0.0231
vn 0.0741 -0.9971 -0.0199
vn 0.0767 -0.9971 -0.0000
vn 0.0109 -0.9999 0.0109
vn -0.0107 -0.9999 -0.0107
vn 0.0399 -0.9989 0.0231
vn 0.0741 -0.9971 0.0198
vn -0.0149 -0.9999 -0.0086
vn -0.0122 -0.9999 -0.0122
vn -0.0076 -0.9999 -0.0131
vn -0.0086 -0.9999 -0.0149
vn -0.0039 -0.9999 -0.0147
vn -0.0045 -0.9999 -0.0166
vn -0.0000 -0.9999 -0.0152
vn -0.0000 -0.9999 -0.0172
vn 0.0039 -0.9999 -0.0147
vn 0.0045 -0.9999 -0.0166
vn 0.0086 -0.9999 -0.0149
vn 0.0076 -0.9999 -0.0131
vn 0.0122 -0.9999 -0.0122
vn 0.0107 -0.9999 -0.0107
vn 0.0149 -0.9999 -0.0086
vn 0.0131 -0.9999 -0.0076
vn 0.0166 -0.9999 -0.0045
vn 0.0147 -0.9999 -0.0039
vn 0.0172 -0.9999 -0.0000
vn 0.0151 -0.9999 -0.0000
vn 0.0159 -0.9999 0.0021
vn 0.0147 -0.9999 0.0039
vn 0.0166 -0.9999 0.0045
vn 0.0146 -0.9999 0.0039
vn 0.0158 -0.9999 0.0021
vn 0.0162 -0.9999 0.0021
vn 0.0165 -0.9999 0.0022
vn 0.0152 -0.9999 -0.0000
vn 0.0131 -0.9999 0.0076
vn 0.0149 -0.9999 0.0086
vn 0.0107 -0.9999 0.0107
vn 0.0122 -0.9999 0.0122
vn 0.0076 -0.9999 0.0131
vn 0.0086 -0.9999 0.0149
vn 0.0039 -0.9999 0.0146
vn 0.0045 -0.9999 0.0166
vn -0.0001 -0.9999 0.0149
vn -0.0000 -0.9999 0.0172
vn -0.0045 -0.9999 0.0166
vn -0.0039 -0.9999 0.0147
vn -0.0086 -0.9999 0.0149
vn -0.0076 -0.9999 0.0131
vn -0.0122 -0.9999 0.0122
vn 0.0077 -0.9999 -0.0134
vn 0.0326 -0.9989 -0.0326
vn 0.0664 -0.9971 -0.0384
vn 0.1036 -0.9942 -0.0277
vn 0.1072 -0.9942 -0.0000
vn 0.0077 -0.9999 0.0134
vn 0.0326 -0.9989 0.0326
vn 0.1036 -0.9942 0.0277
vn 0.0040 -0.9999 0.0149
vn -0.0000 -0.9999 0.0155
vn -0.0040 -0.9999 0.0149
vn -0.0077 -0.9999 0.0134
vn -0.0109 -0.9999 0.0109
vn -0.0134 -0.9999 0.0077
vn -0.0149 -0.9999 0.0040
vn -0.0155 -0.9999 -0.0000
vn -0.0149 -0.9999 -0.0040
vn -0.0142 -0.9999 -0.0019
vn -0.0134 -0.9999 -0.0077
vn -0.0109 -0.9999 -0.0109
vn -0.0077 -0.9999 -0.0134
vn -0.0040 -0.9999 -0.0149
vn -0.0000 -0.9999 -0.0155
vn 0.0040 -0.9999 -0.0149
vn 0.0231 -0.9989 -0.0399
vn 0.0542 -0.9971 -0.0542
vn 0.0929 -0.9942 -0.0537
vn 0.1329 -0.9905 -0.0356
vn 0.1375 -0.9905 0.0002
vn 0.0231 -0.9989 0.0399
vn 0.0542 -0.9971 0.0542
vn 0.0664 -0.9971 0.0383
vn 0.0929 -0.9942 0.0536
vn 0.1330 -0.9905 0.0356
vn 0.0119 -0.9989 0.0445
vn -0.0000 -0.9989 0.0461
vn -0.0119 -0.9989 0.0445
vn -0.0231 -0.9989 0.0399
vn -0.0326 -0.9989 0.0324
vn -0.0399 -0.9989 0.0231
vn -0.0445 -0.9989 0.0119
vn -0.0461 -0.9989 -0.0000
vn -0.0445 -0.9989 -0.0119
vn -0.0448 -0.9990 -0.0059
vn -0.0399 -0.9989 -0.0231
vn -0.0326 -0.9989 -0.0326
vn -0.0231 -0.9989 -0.0399
vn -0.0119 -0.9989 -0.0445
vn -0.0000 -0.9989 -0.0461
vn 0.0119 -0.9989 -0.0445
vn 0.0383 -0.9971 -0.0664
vn 0.0758 -0.9942 -0.0758
vn 0.1192 -0.9905 -0.0688
vn 0.1622 -0.9858 -0.0435
vn 0.1679 -0.9858 -0.0000
vn 0.0383 -0.9971 0.0664
vn 0.0758 -0.9942 0.0758
vn 0.1192 -0.9905 0.0688
vn 0.1622 -0.9858 0.0435
vn 0.0199 -0.9971 0.0741
vn -0.0000 -0.9971 0.0767
vn -0.0198 -0.9970 0.0743
vn -0.0383 -0.9971 0.0664
vn -0.0542 -0.9971 0.0542
vn -0.0664 -0.9971 0.0383
vn -0.0741 -0.9971 0.0199
vn -0.0767 -0.9971 -0.0000
vn -0.0741 -0.9971 -0.0199
vn -0.0754 -0.9971 -0.0099
vn -0.0664 -0.9971 -0.0383
vn -0.0542 -0.9971 -0.0542
vn -0.0383 -0.9971 -0.0664
vn -0.0199 -0.9971 -0.0741
vn -0.0000 -0.9971 -0.0767
vn 0.0199 -0.9971 -0.0741
vn 0.0536 -0.9942 -0.0929
vn 0.0973 -0.9905 -0.0973
vn 0.1455 -0.9858 -0.0843
vn 0.1913 -0.9802 -0.0513
vn 0.1980 -0.9802 -0.0000
vn 0.0536 -0.9942 0.0929
vn 0.0973 -0.9905 0.0973
vn 0.1454 -0.9858 0.0840
vn 0.1912 -0.9802 0.0509
vn 0.0277 -0.9942 0.1036
vn -0.0000 -0.9942 0.1072
vn -0.0278 -0.9942 0.1036
vn -0.0536 -0.9942 0.0929
vn -0.0758 -0.9942 0.0758
vn -0.0929 -0.9942 0.0536
vn -0.1036 -0.9942 0.0277
vn -0.1072 -0.9942 -0.0000
vn -0.1036 -0.9942 -0.0278
vn -0.1059 -0.9943 -0.0139
vn -0.0929 -0.9942 -0.0536
vn -0.0758 -0.9942 -0.0758
vn -0.0536 -0.9942 -0.0929
vn -0.0277 -0.9942 -0.1036
vn -0.0000 -0.9942 -0.1072
vn 0.0277 -0.9942 -0.1036
vn 0.0688 -0.9905 -0.1192
vn 0.1187 -0.9858 -0.1187
vn 0.1715 -0.9802 -0.0990
vn 0.2202 -0.9737 -0.0590
vn 0.2280 -0.9737 -0.0000
vn 0.0688 -0.9905 0.1192
vn 0.1187 -0.9858 0.1187
vn 0.1715 -0.9802 0.0990
vn 0.2202 -0.9737 0.0590
vn 0.0356 -0.9905 0.1330
vn -0.0000 -0.9905 0.1376
vn -0.0356 -0.9905 0.1330
vn -0.0688 -0.9905 0.1192
vn -0.0973 -0.9905 0.0973
vn -0.1192 -0.9905 0.0688
vn -0.1330 -0.9905 0.0356
vn -0.1376 -0.9905 -0.0000
vn -0.1330 -0.9905 -0.0356
vn -0.1364 -0.9905 -0.0180
vn -0.1192 -0.9905 -0.0688
vn -0.0973 -0.9905 -0.0973
vn -0.0688 -0.9905 -0.1192
vn -0.0356 -0.9905 -0.1330
vn -0.0000 -0.9905 -0.1376
vn 0.0356 -0.9905 -0.1330
vn 0.0840 -0.9858 -0.1454
vn 0.1400 -0.9802 -0.1400
vn 0.1974 -0.9737 -0.1140
vn 0.2489 -0.9662 -0.0667
vn 0.2577 -0.9662 -0.0000
vn 0.0840 -0.9858 0.1454
vn 0.1400 -0.9802 0.1400
vn 0.1974 -0.9737 0.1140
vn 0.2489 -0.9662 0.0667
vn 0.0435 -0.9858 0.1622
vn -0.0000 -0.9858 0.1679
vn -0.0435 -0.9858 0.1622
vn -0.0840 -0.9858 0.1454
vn -0.1187 -0.9858 0.1187
vn -0.1454 -0.9858 0.0840
vn -0.1622 -0.9858 0.0435
vn -0.1679 -0.9858 -0.0000
vn -0.1622 -0.9858 -0.0435
vn -0.1666 -0.9858 -0.0219
vn -0.1454 -0.9858 -0.0840
vn -0.1187 -0.9858 -0.1187
vn -0.0840 -0.9858 -0.1454
vn -0.0435 -0.9858 -0.1622
vn -0.0000 -0.9858 -0.1679
vn 0.0435 -0.9858 -0.1622
vn 0.0990 -0.9802 -0.1715
vn 0.1612 -0.9737 -0.1612
vn 0.2232 -0.9662 -0.1289
vn 0.2774 -0.9579 -0.0743
vn 0.2872 -0.9579 -0.0000
vn 0.0990 -0.9802 0.1715
vn 0.1612 -0.9737 0.1612
vn 0.2232 -0.9662 0.1289
vn 0.2774 -0.9579 0.0743
vn 0.0513 -0.9802 0.1913
vn -0.0000 -0.9802 0.1981
vn -0.0513 -0.9802 0.1913
vn -0.0990 -0.9802 0.1715
vn -0.1400 -0.9802 0.1400
vn -0.1715 -0.9802 0.0990
vn -0.1913 -0.9802 0.0513
vn -0.1980 -0.9802 -0.0000
vn -0.1913 -0.9802 -0.0513
vn -0.1968 -0.9801 -0.0259
vn -0.1715 -0.9802 -0.0990
vn -0.1400 -0.9802 -0.1400
vn -0.0990 -0.9802 -0.1715
vn -0.0513 -0.9802 -0.1913
vn -0.0000 -0.9802 -0.1980
vn 0.0513 -0.9802 -0.1913
vn 0.1140 -0.9737 -0.1974
vn 0.1822 -0.9662 -0.1822
vn 0.2487 -0.9579 -0.1436
vn 0.1140 -0.9737 0.1974
vn 0.1822 -0.9662 0.1822
vn 0.2487 -0.9579 0.1436
vn 0.0590 -0.9737 0.2202
vn -0.0000 -0.9737 0.2280
vn -0.0590 -0.9737 0.2202
vn -0.1140 -0.9737 0.1974
vn -0.1612 -0.9737 0.1612
vn -0.1974 -0.9737 0.1140
vn -0.2202 -0.9737 0.0590
vn -0.2280 -0.9737 -0.0000
vn -0.2202 -0.9737 -0.0590
vn -0.2267 -0.9735 -0.0298
vn -0.1974 -0.9737 -0.1140
vn -0.1612 -0.9737 -0.1612
vn -0.1140 -0.9737 -0.1974
vn -0.0590 -0.9737 -0.2202
vn -0.0000 -0.9737 -0.2280
vn 0.0590 -0.9737 -0.2202
vn 0.1289 -0.9662 -0.2232
vn 0.2031 -0.9579 -0.2031
vn 0.1289 -0.9662 0.2232
vn 0.2031 -0.9579 0.2031
vn 0.0667 -0.9662 0.2489
vn -0.0000 -0.9662 0.2577
vn -0.0667 -0.9662 0.2489
vn -0.1289 -0.9662 0.2232
vn -0.1822 -0.9662 0.1822
vn -0.2233 -0.9663 0.1284
vn -0.2489 -0.9662 0.0667
vn -0.2577 -0.9662 -0.0000
vn -0.2489 -0.9662 -0.0667
vn -0.2564 -0.9660 -0.0338
vn -0.2232 -0.9662 -0.1289
vn -0.1822 -0.9662 -0.1822
vn -0.1289 -0.9662 -0.2232
vn -0.0667 -0.9662 -0.2489
vn -0.0000 -0.9662 -0.2577
vn 0.0667 -0.9662 -0.2489
vn 0.1436 -0.9579 -0.2487
vn 0.1436 -0.9579 0.2487
vn 0.0743 -0.9579 0.2774
vn -0.0000 -0.9579 0.2872
vn -0.0743 -0.9579 0.2774
vn -0.1435 -0.9579 0.2488
vn -0.2031 -0.9579 0.2031
vn -0.2487 -0.9579 0.1436
vn -0.2774 -0.9579 0.0743
vn -0.2872 -0.9579 -0.0000
vn -0.2774 -0.9579 -0.0743
vn -0.2858 -0.9575 -0.0376
vn -0.2487 -0.9579 -0.1436
vn -0.2031 -0.9579 -0.2031
vn -0.1436 -0.9579 -0.2487
vn -0.0743 -0.9579 -0.2774
vn -0.0000 -0.9579 -0.2872
vn 0.0743 -0.9579 -0.2774
vn 0.0172 0.9999 -0.0000
vn -0.0000 1.0000 -0.0000
vn 0.0166 0.9999 0.0045
vn 0.0149 0.9999 0.0086
vn 0.0132 0.9999 0.0076
vn -0.0039 0.9999 -0.0147
vn -0.0045 0.9999 -0.0166
vn -0.0000 0.9999 -0.0152
vn -0.0741 0.9971 0.0199
vn -0.0664 0.9971 0.0384
vn -0.0446 0.9989 0.0120
vn -0.0400 0.9989 -0.0231
vn -0.0664 0.9971 -0.0383
vn -0.0446 0.9989 -0.0120
vn -0.0741 0.9971 -0.0199
vn -0.0929 0.9942 0.0536
vn -0.1329 0.9905 0.0356
vn -0.1376 0.9905 -0.0000
vn -0.1622 0.9858 0.0435
vn 0.0384 0.9971 -0.0664
vn 0.0199 0.9971 -0.0741
vn 0.0231 0.9989 -0.0399
vn 0.0326 0.9989 -0.0326
vn -0.1454 0.9858 0.0840
vn -0.1715 0.9802 -0.0990
vn -0.1974 0.9737 -0.1140
vn -0.1913 0.9802 -0.0513
vn 0.2031 0.9579 -0.2031
vn 0.1436 0.9579 -0.2487
vn 0.1822 0.9662 -0.1822
vn 0.2232 0.9662 -0.1289
vn 0.7384 -0.4984 -0.4542
vn 0.7551 -0.6139 -0.2301
vn 0.8066 -0.5445 -0.2301
vn 0.6913 -0.5620 -0.4542
vn 0.7604 -0.4653 -0.4532
vn 0.8302 -0.5080 -0.2296
vn 0.6209 -0.4191 -0.6624
vn 0.5813 -0.4725 -0.6624
vn 0.6977 -0.6784 -0.2301
vn 0.6387 -0.6211 -0.4542
vn 0.7759 -0.6308 -0.0000
vn 0.8288 -0.5595 -0.0000
vn 0.6399 -0.3916 -0.6612
vn 0.8530 -0.5219 -0.0000
vn 0.4523 -0.3053 -0.8380
vn 0.4234 -0.3442 -0.8380
vn 0.5371 -0.5222 -0.6624
vn 0.5811 -0.6753 -0.4542
vn 0.6347 -0.7377 -0.2301
vn 0.7169 -0.6972 -0.0000
vn 0.7551 -0.6139 0.2301
vn 0.8066 -0.5445 0.2301
vn 0.5231 -0.1869 -0.8315
vn 0.8303 -0.5079 0.2295
vn 0.2382 -0.1608 -0.9578
vn 0.2230 -0.1813 -0.9578
vn 0.3912 -0.3804 -0.8380
vn 0.4886 -0.5678 -0.6624
vn 0.5189 -0.7242 -0.4542
vn 0.5668 -0.7911 -0.2301
vn 0.6523 -0.7580 -0.0000
vn 0.6977 -0.6784 0.2301
vn 0.6913 -0.5620 0.4542
vn 0.7384 -0.4984 0.4542
vn 0.2470 -0.1510 -0.9572
vn 0.8452 -0.3040 0.4395
vn 0.2216 -0.0978 -0.9702
vn -0.0035 0.0024 -1.0000
vn 0.1153 -0.0937 -0.9889
vn -0.0033 0.0026 -1.0000
vn 0.2060 -0.2003 -0.9578
vn 0.3559 -0.4136 -0.8380
vn 0.4363 -0.6089 -0.6624
vn 0.4526 -0.7673 -0.4542
vn 0.4944 -0.8382 -0.2301
vn 0.5824 -0.8129 -0.0000
vn 0.6347 -0.7377 0.2301
vn 0.6387 -0.6211 0.4542
vn 0.5813 -0.4726 0.6624
vn 0.6209 -0.4191 0.6624
vn 0.1766 0.0127 -0.9842
vn -0.0017 0.0013 -1.0000
vn 0.7346 -0.2133 0.6440
vn -0.2444 0.1650 -0.9555
vn -0.2288 0.1860 -0.9555
vn -0.0030 0.0029 -1.0000
vn -0.0436 -0.0185 -0.9989
vn 0.1874 -0.2178 -0.9578
vn -0.3178 0.4436 0.8380
vn -0.3559 0.4136 0.8380
vn -0.4363 0.6089 0.6625
vn 0.3806 -0.6452 -0.6624
vn 0.3828 -0.8045 -0.4542
vn 0.4181 -0.8788 -0.2301
vn 0.5080 -0.8613 -0.0000
vn 0.5668 -0.7911 0.2301
vn 0.5811 -0.6753 0.4542
vn 0.5371 -0.5222 0.6625
vn 0.4523 -0.3053 0.8380
vn 0.4234 -0.3442 0.8380
vn -0.2500 0.1533 -0.9560
vn 0.4674 -0.2850 0.8368
vn -0.4568 0.3084 -0.8344
vn -0.4277 0.3477 -0.8344
vn -0.2114 0.2056 -0.9555
vn 0.0969 -0.1126 -0.9889
vn -0.0027 0.0032 -1.0000
vn 0.3178 -0.4436 -0.8380
vn 0.1674 -0.2336 -0.9578
vn -0.1875 0.2179 0.9578
vn 0.2772 -0.4700 -0.8380
vn 0.3219 -0.6764 -0.6624
vn 0.3099 -0.8352 -0.4543
vn 0.3385 -0.9124 -0.2301
vn 0.4296 -0.9030 -0.0000
vn 0.4944 -0.8382 0.2301
vn 0.5189 -0.7242 0.4542
vn 0.4886 -0.5678 0.6624
vn 0.3912 -0.3804 0.8380
vn -0.5812 0.4725 -0.6625
vn -0.4235 0.3443 -0.8379
vn -0.5370 0.5222 -0.6625
vn 0.2382 -0.1608 0.9578
vn 0.2230 -0.1813 0.9578
vn -0.4691 0.2874 -0.8351
vn 0.2475 -0.1502 0.9572
vn -0.6235 0.4209 -0.6588
vn 0.5837 -0.4745 0.6589
vn 0.6235 -0.4209 0.6589
vn 0.4277 -0.3477 0.8344
vn -0.3951 0.3842 -0.8344
vn -0.1923 0.2235 -0.9555
vn 0.0866 -0.1208 -0.9889
vn -0.0025 0.0034 -1.0000
vn 0.1460 -0.2475 -0.9578
vn 0.2345 -0.4928 -0.8380
vn 0.2606 -0.7023 -0.6625
vn 0.2346 -0.8594 -0.4543
vn 0.2562 -0.9388 -0.2301
vn 0.3479 -0.9375 -0.0000
vn 0.4181 -0.8788 0.2301
vn 0.4526 -0.7673 0.4542
vn 0.4363 -0.6089 0.6624
vn 0.3559 -0.4136 0.8380
vn 0.2060 -0.2003 0.9578
vn 0.1232 -0.0831 0.9889
vn -0.0035 0.0024 1.0000
vn 0.1153 -0.0937 0.9889
vn -0.0033 0.0027 1.0000
vn -0.6160 0.4379 -0.6548
vn 0.2248 0.1053 0.9687
vn -0.0014 0.0017 1.0000
vn -0.5837 0.4746 -0.6588
vn -0.7396 0.4992 -0.4515
vn -0.6924 0.5629 -0.4515
vn -0.5394 0.5245 -0.6588
vn -0.3595 0.4178 -0.8344
vn -0.1718 0.2397 -0.9555
vn 0.0755 -0.1280 -0.9889
vn 0.0021 -0.0036 1.0000
vn 0.0024 -0.0033 1.0000
vn -0.0754 0.1281 0.9889
vn 0.1235 -0.2595 -0.9578
vn 0.1898 -0.5116 -0.8380
vn 0.1972 -0.7227 -0.6624
vn -0.2606 0.7024 0.6624
vn -0.3099 0.8352 0.4543
vn -0.1973 0.7227 0.6624
vn 0.1574 -0.8769 -0.4543
vn 0.1720 -0.9578 -0.2301
vn 0.2633 -0.9647 -0.0000
vn 0.3385 -0.9124 0.2301
vn 0.3828 -0.8045 0.4542
vn 0.3806 -0.6452 0.6624
vn 0.3178 -0.4436 0.8380
vn 0.1874 -0.2178 0.9578
vn -0.0030 0.0029 1.0000
vn 0.2010 -0.0912 0.9753
vn -0.2444 0.1650 0.9555
vn -0.2288 0.1860 0.9555
vn -0.7608 0.4659 -0.4518
vn -0.1656 0.3091 0.9365
vn -0.8069 0.5447 -0.2287
vn -0.7554 0.6141 -0.2287
vn -0.6397 0.6221 -0.4515
vn 0.4907 -0.5702 0.6589
vn 0.5393 -0.5245 0.6589
vn 0.3596 -0.4178 0.8344
vn -0.3210 0.4480 -0.8344
vn -0.0022 0.0037 -1.0000
vn -0.1498 0.2540 -0.9555
vn 0.0018 -0.0038 1.0000
vn -0.0639 0.1342 0.9889
vn -0.1234 0.2594 0.9578
vn 0.1000 -0.2694 -0.9578
vn 0.1973 -0.7226 -0.6625
vn 0.1437 -0.5264 -0.8380
vn 0.1324 -0.7373 -0.6624
vn 0.0790 -0.8874 -0.4543
vn 0.0863 -0.9693 -0.2301
vn 0.1767 -0.9843 -0.0000
vn 0.2562 -0.9388 0.2301
vn 0.3099 -0.8352 0.4543
vn 0.3218 -0.6764 0.6624
vn 0.2772 -0.4700 0.8380
vn 0.1674 -0.2336 0.9578
vn 0.0969 -0.1126 0.9889
vn -0.0027 0.0032 1.0000
vn -0.2114 0.2056 0.9555
vn -0.4568 0.3084 0.8344
vn -0.4277 0.3477 0.8344
vn -0.8080 0.5429 -0.2286
vn -0.4690 0.2877 0.8350
vn -0.8288 0.5595 -0.0000
vn -0.7759 0.6308 -0.0000
vn -0.6979 0.6787 -0.2287
vn -0.5820 0.6764 -0.4515
vn -0.4907 0.5703 -0.6588
vn -0.4382 0.6115 -0.6588
vn -0.2800 0.4747 -0.8344
vn -0.0018 0.0039 -1.0000
vn -0.1267 0.2663 -0.9555
vn 0.1498 -0.2539 0.9556
vn 0.0638 -0.1342 -0.9889
vn 0.0512 -0.1395 -0.9889
vn -0.0015 0.0039 -1.0000
vn -0.0517 0.1393 0.9889
vn 0.0757 -0.2772 -0.9578
vn 0.0964 -0.5371 -0.8380
vn -0.1972 0.7226 0.6625
vn -0.1324 0.7373 0.6625
vn -0.1437 0.5265 0.8380
vn 0.0664 -0.7462 -0.6624
vn 0.0198 -0.8911 -0.4533
vn 0.0216 -0.9730 -0.2296
vn 0.0887 -0.9961 -0.0000
vn 0.1720 -0.9578 0.2301
vn 0.2346 -0.8594 0.4543
vn 0.2606 -0.7023 0.6624
vn 0.2345 -0.4928 0.8380
vn 0.1460 -0.2475 0.9578
vn 0.0866 -0.1208 0.9889
vn -0.0024 0.0034 1.0000
vn -0.1923 0.2235 0.9555
vn -0.3951 0.3842 0.8344
vn -0.6235 0.4209 0.6588
vn -0.5837 0.4746 0.6588
vn -0.8528 0.5222 -0.0000
vn -0.6410 0.3929 0.6593
vn -0.8069 0.5447 0.2287
vn -0.7554 0.6141 0.2287
vn -0.7169 0.6972 -0.0000
vn -0.6350 0.7379 -0.2287
vn -0.5197 0.7253 -0.4515
vn -0.3822 0.6480 -0.6588
vn -0.2368 0.4977 -0.8344
vn -0.1026 0.2765 -0.9555
vn 0.0391 -0.1434 -0.9889
vn -0.0011 0.0040 -1.0000
vn 0.0508 -0.2828 -0.9578
vn 0.0484 -0.5435 -0.8380
vn 0.0167 -0.7500 -0.6613
vn -0.0000 -0.8918 -0.4525
vn -0.0000 -0.9734 -0.2292
vn 0.0222 -0.9998 -0.0000
vn 0.0863 -0.9693 0.2301
vn 0.1574 -0.8769 0.4543
vn 0.1973 -0.7227 0.6624
vn 0.1898 -0.5116 0.8380
vn 0.1235 -0.2595 0.9578
vn 0.0755 -0.1280 0.9889
vn -0.0021 0.0036 1.0000
vn -0.1718 0.2397 0.9555
vn -0.3595 0.4178 0.8344
vn -0.5393 0.5245 0.6588
vn -0.6924 0.5629 0.4515
vn -0.7396 0.4992 0.4515
vn -0.8302 0.5084 0.2288
vn -0.7607 0.4660 0.4518
vn -0.6979 0.6787 0.2287
vn -0.6523 0.7580 -0.0000
vn -0.5670 0.7913 -0.2287
vn -0.4533 0.7685 -0.4515
vn -0.3232 0.6793 -0.6588
vn -0.1917 0.5167 -0.8344
vn -0.0777 0.2845 -0.9555
vn 0.0264 -0.1463 -0.9889
vn 0.0007 -0.0040 1.0000
vn 0.0011 -0.0040 1.0000
vn -0.0262 0.1463 0.9889
vn 0.0255 -0.2862 -0.9578
vn 0.0122 -0.5472 -0.8369
vn -0.0000 -0.7510 -0.6603
vn 0.0216 -0.9730 0.2296
vn 0.0790 -0.8874 0.4543
vn 0.1324 -0.7373 0.6624
vn 0.1437 -0.5264 0.8380
vn 0.1000 -0.2694 0.9578
vn 0.0638 -0.1342 0.9889
vn -0.0018 0.0038 1.0000
vn -0.1498 0.2540 0.9555
vn -0.3210 0.4480 0.8344
vn -0.4907 0.5702 0.6588
vn -0.6397 0.6221 0.4515
vn -0.6350 0.7379 0.2287
vn -0.5824 0.8129 -0.0000
vn -0.4946 0.8385 -0.2287
vn -0.3834 0.8057 -0.4515
vn -0.2617 0.7053 -0.6588
vn -0.1451 0.5317 -0.8344
vn -0.0008 0.0042 -1.0000
vn -0.0521 0.2903 -0.9555
vn 0.0133 -0.1480 -0.9889
vn -0.0004 0.0042 -1.0000
vn -0.0132 0.1480 0.9889
vn 0.0064 -0.2894 -0.9572
vn -0.0000 -0.5488 -0.8360
vn -0.0000 -0.9734 0.2292
vn 0.0198 -0.8911 0.4533
vn 0.0664 -0.7462 0.6624
vn 0.0964 -0.5371 0.8380
vn 0.0757 -0.2772 0.9578
vn 0.0517 -0.1393 0.9889
vn -0.0015 0.0039 1.0000
vn -0.1267 0.2663 0.9555
vn -0.2800 0.4747 0.8344
vn -0.4382 0.6115 0.6588
vn -0.5820 0.6763 0.4515
vn -0.5670 0.7913 0.2287
vn -0.5080 0.8613 -0.0000
vn -0.4183 0.8791 -0.2287
vn -0.3104 0.8366 -0.4515
vn -0.1981 0.7257 -0.6588
vn -0.0974 0.5425 -0.8344
vn -0.0262 0.2937 -0.9555
vn 0.0033 -0.1487 -0.9889
vn -0.0000 0.0021 -1.0000
vn -0.0000 -0.2914 -0.9566
vn -0.0000 -0.8918 0.4525
vn 0.0167 -0.7500 0.6613
vn 0.0484 -0.5435 0.8380
vn 0.0508 -0.2828 0.9578
vn 0.0391 -0.1434 0.9889
vn -0.0011 0.0041 1.0000
vn -0.1026 0.2765 0.9555
vn -0.2368 0.4977 0.8344
vn -0.3822 0.6480 0.6588
vn -0.5197 0.7253 0.4515
vn -0.4946 0.8385 0.2287
vn -0.4296 0.9030 -0.0000
vn -0.3386 0.9127 -0.2287
vn -0.2350 0.8608 -0.4515
vn -0.1329 0.7405 -0.6588
vn -0.0489 0.5490 -0.8344
vn -0.0065 0.2931 -0.9560
vn -0.0000 -0.1488 -0.9889
vn -0.0000 -0.7510 0.6603
vn 0.0122 -0.5472 0.8369
vn 0.0255 -0.2862 0.9578
vn 0.0263 -0.1463 0.9889
vn -0.0007 0.0041 1.0000
vn -0.0777 0.2845 0.9555
vn -0.1917 0.5167 0.8344
vn -0.3232 0.6793 0.6588
vn -0.4533 0.7685 0.4515
vn -0.4183 0.8791 0.2287
vn -0.3479 0.9375 -0.0000
vn -0.2563 0.9391 -0.2287
vn -0.1577 0.8782 -0.4515
vn 0.2349 -0.8608 0.4515
vn 0.1981 -0.7258 0.6587
vn 0.1577 -0.8782 0.4515
vn -0.0667 0.7493 -0.6588
vn -0.0122 0.5499 -0.8351
vn -0.0000 0.2914 -0.9566
vn -0.0000 -0.5488 0.8360
vn 0.0064 -0.2894 0.9572
vn 0.0132 -0.1480 0.9889
vn -0.0004 0.0042 1.0000
vn -0.0521 0.2903 0.9555
vn -0.1451 0.5317 0.8344
vn -0.2617 0.7053 0.6588
vn -0.3834 0.8057 0.4515
vn -0.3387 0.9127 0.2287
vn -0.2633 0.9647 -0.0001
vn 0.3386 -0.9127 0.2286
vn -0.1720 0.9582 -0.2287
vn -0.0791 0.8888 -0.4515
vn -0.0167 0.7516 -0.6595
vn -0.0000 0.5488 -0.8360
vn -0.0000 -0.2914 0.9566
vn 0.0033 -0.1487 0.9889
vn -0.0000 0.0021 1.0000
vn -0.0262 0.2937 0.9555
vn -0.0974 0.5425 0.8344
vn -0.1981 0.7258 0.6588
vn -0.3104 0.8365 0.4515
vn 0.2564 -0.9391 -0.2287
vn 0.3386 -0.9127 -0.2287
vn -0.1767 0.9843 -0.0000
vn -0.0864 0.9697 -0.2287
vn -0.0198 0.8918 -0.4519
vn -0.0000 0.7510 -0.6603
vn -0.0000 -0.1488 0.9889
vn -0.0065 0.2931 0.9560
vn -0.0489 0.5490 0.8344
vn -0.1329 0.7405 0.6588
vn -0.2350 0.8608 0.4515
vn 0.2350 -0.8608 -0.4514
vn 0.3104 -0.8366 -0.4514
vn -0.2563 0.9391 0.2287
vn -0.1720 0.9582 0.2287
vn 0.1767 -0.9843 -0.0001
vn -0.0887 0.9961 -0.0000
vn -0.0216 0.9732 -0.2289
vn -0.0000 0.8918 -0.4525
vn -0.0000 0.2914 0.9566
vn 0.0122 -0.5499 -0.8351
vn 0.0065 -0.2932 -0.9560
vn 0.0489 -0.5490 -0.8344
vn 0.0667 -0.7493 -0.6588
vn 0.1329 -0.7405 -0.6588
vn -0.1577 0.8782 0.4515
vn -0.0864 0.9697 0.2287
vn -0.0222 0.9998 -0.0000
vn -0.0000 0.9734 -0.2292
vn -0.0000 0.5488 0.8360
vn -0.0122 0.5499 0.8351
vn -0.0667 0.7493 0.6588
vn -0.0167 0.7516 0.6595
vn 0.0792 -0.8887 -0.4515
vn 0.1577 -0.8782 -0.4515
vn -0.0791 0.8888 0.4514
vn -0.0216 0.9732 0.2289
vn -0.0000 0.7510 0.6603
vn -0.0198 0.8918 0.4519
vn -0.0000 0.9734 0.2292
vn -0.0000 0.8918 0.4525
vn -0.5031 -0.8642 -0.0000
vn 0.5031 0.8642 -0.0000
vn -0.0388 0.2484 0.9679
vn 0.1437 0.1633 0.9761
vn 0.2334 0.1152 0.9655
vn -0.2928 0.3737 0.8802
vn 0.4922 -0.0399 0.8695
vn -0.4903 0.4537 0.7442
vn 0.6968 -0.1810 0.6940
vn -0.6436 0.5082 0.5722
vn 0.8311 -0.2903 0.4743
vn 0.9009 -0.3616 0.2401
vn -0.7455 0.5427 0.3869
vn 0.9181 -0.3962 0.0057
vn -0.8055 0.5593 0.1958
vn 0.8900 -0.3959 -0.2262
vn -0.8280 0.5607 0.0022
vn 0.8151 -0.3591 -0.4547
vn -0.8152 0.5463 -0.1925
vn -0.7621 0.5158 -0.3913
vn 0.6844 -0.2821 -0.6723
vn -0.6661 0.4658 -0.5826
vn 0.4891 -0.1655 -0.8564
vn -0.5153 0.3836 -0.7664
vn 0.2356 -0.0192 -0.9717
vn -0.3050 0.2736 -0.9122
vn 0.1415 0.0331 -0.9894
vn -0.0436 0.1341 -0.9900
vn -0.7557 0.1541 0.6365
vn -0.7025 0.1078 0.7034
vn -0.8451 0.2295 0.4828
vn -0.8672 0.2489 0.4313
vn -0.4926 -0.0366 0.8695
vn -0.9234 0.3172 0.2160
vn -0.5900 0.0447 0.8062
vn -0.9185 0.3083 0.2475
vn -0.2326 -0.1845 0.9549
vn -0.9353 0.3539 -0.0076
vn -0.3714 -0.0832 0.9247
vn -0.9359 0.3522 0.0077
vn 0.0374 -0.3159 0.9481
vn -0.9051 0.3570 -0.2309
vn -0.1216 -0.2165 0.9687
vn -0.9055 0.3574 -0.2286
vn 0.1258 -0.3530 0.9271
vn -0.8269 0.3227 -0.4605
vn 0.0154 -0.2746 0.9614
vn -0.8317 0.3251 -0.4501
vn 0.2836 -0.4164 0.8638
vn -0.7104 0.2583 -0.6547
vn 0.1460 -0.3348 0.9309
vn -0.6920 0.2465 -0.6786
vn 0.4796 -0.4904 0.7277
vn -0.4921 0.1295 -0.8608
vn 0.3836 -0.4330 0.8157
vn -0.5359 0.1589 -0.8292
vn 0.6293 -0.5320 0.5665
vn -0.2358 -0.0170 -0.9717
vn 0.5684 -0.5076 0.6475
vn -0.3119 0.0340 -0.9495
vn 0.7084 -0.5533 0.4383
vn 0.0435 -0.1697 -0.9845
vn 0.7351 -0.5607 0.3812
vn -0.0588 -0.1051 -0.9927
vn 0.7951 -0.5743 0.1952
vn 0.1345 -0.2165 -0.9670
vn 0.7908 -0.5701 0.2226
vn 0.0755 -0.1714 -0.9823
vn 0.8205 -0.5717 0.0035
vn 0.3027 -0.3032 -0.9036
vn 0.8205 -0.5716 -0.0030
vn 0.2020 -0.2380 -0.9500
vn 0.8090 -0.5558 -0.1912
vn 0.5086 -0.4080 -0.7582
vn 0.8006 -0.5538 -0.2290
vn 0.4305 -0.3541 -0.8302
vn 0.7559 -0.5267 -0.3888
vn 0.6582 -0.4811 -0.5791
vn 0.7310 -0.5110 -0.4523
vn 0.6098 -0.4446 -0.6561
vn -0.5210 -0.8536 -0.0000
vn -0.4350 -0.8765 -0.2064
vn -0.4349 -0.9005 -0.0000
vn -0.5210 -0.8308 -0.1956
vn -0.5210 -0.8308 0.1956
vn -0.4350 -0.8765 0.2064
vn -0.6821 -0.7313 -0.0000
vn -0.6821 -0.7118 -0.1676
vn -0.4352 -0.8029 -0.4074
vn -0.5211 -0.7611 -0.3862
vn -0.5211 -0.7611 0.3862
vn -0.4352 -0.8029 0.4074
vn -0.6821 -0.7118 0.1676
vn -0.8154 -0.5635 -0.1327
vn -0.6821 -0.6521 -0.3308
vn -0.4356 -0.6760 -0.5943
vn -0.5212 -0.6409 -0.5635
vn -0.5212 -0.6409 0.5635
vn -0.4356 -0.6760 0.5943
vn -0.6821 -0.6521 0.3309
vn -0.8154 -0.5789 -0.0000
vn -0.8154 -0.5635 0.1327
vn -0.9154 -0.3919 -0.0923
vn -0.9154 -0.4026 -0.0000
vn -0.8154 -0.5162 -0.2620
vn -0.4360 -0.4939 -0.7523
vn -0.5214 -0.4683 -0.7133
vn -0.4360 -0.4939 0.7523
vn -0.5214 -0.4683 0.7133
vn -0.6823 -0.5491 0.4827
vn -0.8154 -0.5163 0.2620
vn -0.9154 -0.3919 0.0923
vn -0.9778 -0.2040 -0.0480
vn -0.9778 -0.2095 -0.0000
vn -0.9153 -0.3591 -0.1822
vn -0.6824 -0.4012 -0.6111
vn -0.6823 -0.5490 -0.4828
vn -0.4364 -0.2622 -0.8607
vn -0.5216 -0.2486 -0.8161
vn -0.4364 -0.2622 0.8607
vn -0.5216 -0.2486 0.8162
vn -0.6824 -0.4012 0.6111
vn -0.8154 -0.4347 0.3822
vn -0.9153 -0.3591 0.1822
vn -0.9778 -0.2040 0.0480
vn -0.9988 0.0460 -0.0153
vn -1.0000 -0.0000 -0.0000
vn -0.9778 -0.1871 -0.0949
vn -0.9153 -0.3025 -0.2660
vn -0.8154 -0.4347 -0.3822
vn -0.8155 -0.3176 -0.4838
vn -0.6825 -0.2130 -0.6991
vn -0.5217 -0.0000 -0.8531
vn -0.4366 -0.0000 -0.8997
vn -0.4366 -0.0000 0.8997
vn -0.5217 -0.0000 0.8531
vn -0.6825 -0.2130 0.6991
vn -0.8155 -0.3176 0.4838
vn -0.9153 -0.3025 0.2660
vn -0.9778 -0.1871 0.0949
vn -0.9998 -0.0000 0.0217
vn -0.9778 0.2095 -0.0000
vn -0.9778 0.2040 -0.0480
vn -0.9970 -0.0673 -0.0373
vn -0.9777 -0.1578 -0.1387
vn -0.9152 -0.2211 -0.3368
vn -0.8155 -0.1686 -0.5536
vn -0.6826 -0.0000 -0.7308
vn -0.4326 0.1341 -0.8915
vn -0.5216 0.2486 -0.8161
vn -0.4364 0.2622 -0.8607
vn -0.5218 0.1269 -0.8436
vn -0.5216 0.2486 0.8161
vn -0.4326 0.1341 0.8915
vn -0.4364 0.2622 0.8607
vn -0.5218 0.1269 0.8436
vn -0.6826 -0.0000 0.7308
vn -0.8155 -0.1686 0.5536
vn -0.9152 -0.2211 0.3368
vn -0.9777 -0.1577 0.1387
vn -0.9991 -0.0000 0.0428
vn -0.9778 0.2040 0.0480
vn -0.9778 0.1871 -0.0949
vn -0.9154 0.4026 -0.0000
vn -0.9154 0.3919 -0.0923
vn -0.9980 -0.0000 -0.0627
vn -0.9776 -0.1154 -0.1759
vn -0.9152 -0.1174 -0.3855
vn -0.8156 -0.0000 -0.5787
vn -0.6825 0.2130 -0.6991
vn -0.6834 0.1086 -0.7219
vn -0.5214 0.4683 -0.7133
vn -0.4360 0.4939 -0.7523
vn -0.6825 0.2130 0.6991
vn 0.5000 -0.7758 -0.3848
vn -0.5214 0.4683 0.7133
vn -0.4360 0.4939 0.7523
vn -0.8156 -0.0000 0.5787
vn -0.9152 -0.1174 0.3855
vn -0.9776 -0.1155 0.1759
vn -0.9980 -0.0000 0.0627
vn -0.9778 0.1871 0.0949
vn -0.9154 0.3919 0.0923
vn -0.9777 0.1578 -0.1387
vn -0.9153 0.3591 -0.1822
vn -0.8154 0.5789 -0.0000
vn -0.8154 0.5635 -0.1327
vn -0.9968 -0.0000 -0.0805
vn -0.9777 -0.0610 -0.2011
vn -0.9152 -0.0000 -0.4029
vn -0.8155 0.1686 -0.5536
vn -0.9929 -0.0340 0.1140
vn -0.6824 0.4012 -0.6111
vn -0.5212 0.6409 -0.5635
vn -0.4356 0.6760 -0.5943
vn -0.7357 0.1992 0.6473
vn -0.8155 0.1686 0.5536
vn -0.6824 0.4012 0.6111
vn -0.5212 0.6409 0.5635
vn -0.4356 0.6760 0.5943
vn -0.9152 -0.0000 0.4029
vn -0.9777 -0.0610 0.2011
vn -0.9968 -0.0000 0.0805
vn -0.9777 0.1578 0.1387
vn -0.9153 0.3591 0.1822
vn -0.8154 0.5635 0.1327
vn -0.9776 0.1155 -0.1759
vn -0.9153 0.3025 -0.2660
vn -0.8154 0.5162 -0.2620
vn -0.6821 0.7313 -0.0000
vn -0.6821 0.7118 -0.1676
vn -0.9777 -0.0000 -0.2099
vn -0.9171 0.0593 -0.3941
vn -0.9152 0.1174 -0.3855
vn -0.8155 0.3176 -0.4838
vn -0.6823 0.5491 -0.4827
vn -0.4352 0.8029 -0.4074
vn -0.5211 0.7611 -0.3862
vn -0.8155 0.3176 0.4838
vn -0.9171 0.0593 0.3941
vn -0.9152 0.1174 0.3854
vn -0.6823 0.5491 0.4827
vn -0.5211 0.7611 0.3862
vn -0.4352 0.8029 0.4074
vn -0.9777 -0.0000 0.2099
vn -0.9776 0.1155 0.1759
vn -0.9153 0.3025 0.2660
vn -0.8154 0.5162 0.2620
vn -0.6821 0.7118 0.1676
vn -0.9777 0.0610 -0.2011
vn -0.9152 0.2211 -0.3368
vn -0.8154 0.4347 -0.3822
vn -0.6821 0.6521 -0.3309
vn -0.5210 0.8536 -0.0000
vn -0.5210 0.8308 -0.1956
vn -0.9792 0.0302 -0.2005
vn -0.4350 0.8765 -0.2064
vn -0.8154 0.4347 0.3822
vn -0.9152 0.2211 0.3368
vn -0.6787 -0.2921 0.6738
vn -0.9777 0.0610 0.2011
vn -0.6821 0.6521 0.3309
vn -0.5210 0.8308 0.1956
vn -0.4350 0.8765 0.2064
vn -0.4349 0.9005 -0.0000
vn 0.8153 0.5790 -0.0000
vn 0.6821 0.7312 0.0001
vn 0.8154 0.5636 0.1327
vn 0.6823 0.5491 0.4827
vn 0.6822 0.6521 0.3309
vn 0.5213 0.6409 0.5634
vn 0.5211 0.7611 0.3863
vn 0.8154 0.5163 0.2620
vn 0.8154 0.4348 0.3822
vn 0.9153 0.3591 -0.1822
vn 0.9153 0.3025 -0.2659
vn 0.8154 0.5162 -0.2620
vn 0.9777 0.1578 -0.1387
vn 0.6827 -0.0001 0.7307
vn 0.6835 -0.1086 0.7219
vn 0.8155 -0.0001 0.5787
vn 1.0000 -0.0000 -0.0000
vn 0.2991 0.1157 0.9472
vn 0.0425 0.1212 0.9917
vn 0.1843 0.1193 0.9756
vn 0.0122 0.9999 0.0122
vn 0.0086 0.9999 0.0149
vn 0.0086 0.9999 -0.0149
vn 0.0045 0.9999 -0.0166
vn 0.0045 0.9999 0.0166
vn -0.0000 0.9999 0.0172
vn -0.0000 0.9999 -0.0172
vn -0.0045 0.9999 0.0166
vn -0.0086 0.9999 -0.0149
vn -0.0086 0.9999 0.0149
vn -0.0122 0.9999 -0.0122
vn -0.0122 0.9999 0.0122
vn -0.0149 0.9999 -0.0086
vn -0.0149 0.9999 0.0086
vn -0.0166 0.9999 0.0045
vn -0.0166 0.9999 -0.0045
vn -0.0158 0.9999 -0.0021
vn -0.0172 0.9999 -0.0000
vn 0.0166 0.9999 -0.0045
vn 0.0149 0.9999 -0.0086
vn 0.0122 0.9999 -0.0122
vt 0.049868 0.221915
vt 0.063380 0.324552
vt 0.049868 0.274123
vt 0.089484 0.369765
vt 0.063380 0.171486
vt 0.089484 0.126273
vt 0.126399 0.406682
vt 0.126399 0.089356
vt 0.171612 0.432786
vt 0.222039 0.446298
vt 0.171612 0.063252
vt 0.222039 0.049739
vt 0.274246 0.446297
vt 0.324674 0.432785
vt 0.274246 0.049739
vt 0.369886 0.406681
vt 0.324674 0.063251
vt 0.406802 0.369764
vt 0.369886 0.089355
vt 0.432905 0.324550
vt 0.406802 0.126271
vt 0.432905 0.171485
vt 0.446417 0.274121
vt 0.446417 0.221914
vt 0.135893 0.622048
vt 0.209970 0.555699
vt 0.206085 0.622766
vt 0.139778 0.554981
vt 0.216151 0.496724
vt 0.145958 0.496006
vt 0.134568 0.692636
vt 0.204760 0.693354
vt 0.271453 0.878541
vt 0.340377 0.825104
vt 0.342308 0.878719
vt 0.269521 0.824926
vt 0.135893 0.761935
vt 0.206085 0.762653
vt 0.268307 0.761200
vt 0.339162 0.761378
vt 0.139778 0.825223
vt 0.209970 0.825941
vt 0.267893 0.691707
vt 0.338748 0.691885
vt 0.216151 0.878904
vt 0.145958 0.878186
vt 0.268307 0.621183
vt 0.339162 0.621361
vt 0.058747 0.823854
vt 0.121870 0.879091
vt 0.051857 0.879273
vt 0.128760 0.823672
vt 0.269521 0.554433
vt 0.340377 0.554611
vt 0.063078 0.758951
vt 0.133091 0.758769
vt 0.271453 0.496006
vt 0.342308 0.496184
vt 0.064555 0.688988
vt 0.134568 0.688806
vt 0.514518 0.550914
vt 0.444755 0.496058
vt 0.515657 0.496006
vt 0.443616 0.550966
vt 0.063078 0.618732
vt 0.133091 0.618550
vt 0.442899 0.615540
vt 0.513801 0.615488
vt 0.058747 0.552972
vt 0.128760 0.552790
vt 0.442655 0.685379
vt 0.513557 0.685327
vt 0.121870 0.496006
vt 0.051857 0.496188
vt 0.442899 0.755724
vt 0.513801 0.755673
vt 0.514518 0.821730
vt 0.444755 0.879048
vt 0.443616 0.821781
vt 0.515657 0.878997
vt 0.942618 0.557772
vt 0.926390 0.619878
vt 0.925680 0.554411
vt 0.943309 0.621512
vt 0.941519 0.502513
vt 0.924551 0.497654
vt 0.957044 0.563127
vt 0.957705 0.624119
vt 0.926632 0.689596
vt 0.943545 0.689390
vt 0.908101 0.619330
vt 0.907385 0.553273
vt 0.766368 0.817596
vt 0.755329 0.877363
vt 0.748500 0.821085
vt 0.773016 0.872388
vt 0.955992 0.510251
vt 0.906245 0.496006
vt 0.713180 0.481434
vt 0.776640 0.496006
vt 0.711341 0.496006
vt 0.774644 0.481434
vt 0.957931 0.689070
vt 0.926390 0.758812
vt 0.943309 0.756779
vt 0.908346 0.689676
vt 0.744208 0.755912
vt 0.762189 0.754142
vt 0.782430 0.812078
vt 0.788792 0.864508
vt 0.736934 0.879091
vt 0.730045 0.822308
vt 0.653810 0.465526
vt 0.648267 0.479105
vt 0.715363 0.464469
vt 0.772361 0.464469
vt 0.834014 0.465525
vt 0.839714 0.479105
vt 0.957705 0.753554
vt 0.925680 0.822810
vt 0.942618 0.819088
vt 0.908101 0.759515
vt 0.742744 0.686283
vt 0.760764 0.686351
vt 0.778431 0.751360
vt 0.725714 0.756547
vt 0.600580 0.434793
vt 0.591717 0.446456
vt 0.660306 0.449716
vt 0.717742 0.446267
vt 0.769948 0.446267
vt 0.827418 0.449716
vt 0.887243 0.434792
vt 0.896264 0.446454
vt 0.957044 0.813176
vt 0.924551 0.877228
vt 0.941519 0.872070
vt 0.907385 0.824089
vt 0.744208 0.616943
vt 0.762189 0.618842
vt 0.777068 0.686492
vt 0.724237 0.686291
vt 0.557118 0.391331
vt 0.545544 0.400281
vt 0.610944 0.421217
vt 0.667314 0.432755
vt 0.820376 0.432754
vt 0.876780 0.421215
vt 0.930705 0.391329
vt 0.942438 0.400279
vt 0.985603 0.348052
vt 0.951483 0.407152
vt 0.975087 0.343727
vt 0.866956 0.872119
vt 0.886184 0.818979
vt 0.884270 0.876884
vt 0.868820 0.815741
vt 0.906246 0.878997
vt 0.748500 0.552620
vt 0.766368 0.556215
vt 0.778431 0.621893
vt 0.725714 0.616328
vt 0.526386 0.338100
vt 0.512894 0.343730
vt 0.570640 0.380912
vt 0.622102 0.406651
vt 0.865588 0.406650
vt 0.917084 0.380910
vt 0.961437 0.338098
vt 0.851924 0.864569
vt 0.853707 0.810623
vt 0.887388 0.752824
vt 0.869992 0.751333
vt 0.904617 0.820114
vt 0.902686 0.878541
vt 0.773016 0.502740
vt 0.755329 0.497695
vt 0.782430 0.561967
vt 0.730045 0.551425
vt 0.510478 0.278729
vt 0.495994 0.280654
vt 0.542140 0.331548
vt 0.585186 0.369735
vt 0.902504 0.369733
vt 0.945584 0.331546
vt 0.977345 0.278726
vt 0.991988 0.280652
vt 0.854829 0.748991
vt 0.870391 0.683282
vt 0.887798 0.682929
vt 0.905831 0.753364
vt 0.822121 0.497644
vt 0.810437 0.553924
vt 0.804473 0.502819
vt 0.828247 0.550135
vt 0.788792 0.510798
vt 0.736934 0.496006
vt 0.495994 0.215354
vt 0.510478 0.217263
vt 0.527388 0.276491
vt 0.559083 0.324521
vt 0.928607 0.324520
vt 0.960336 0.276488
vt 0.977345 0.217261
vt 0.991988 0.215352
vt 0.855211 0.683875
vt 0.869992 0.616226
vt 0.887388 0.614056
vt 0.906245 0.682840
vt 0.814185 0.614992
vt 0.832097 0.612858
vt 0.794498 0.560079
vt 0.788792 0.511177
vt 0.840534 0.496006
vt 0.846714 0.548970
vt 0.512894 0.152279
vt 0.526386 0.157892
vt 0.527388 0.219490
vt 0.545571 0.274093
vt 0.942119 0.274091
vt 0.960336 0.219488
vt 0.975087 0.152276
vt 0.961437 0.157889
vt 0.854829 0.619711
vt 0.868820 0.554736
vt 0.886184 0.550899
vt 0.905831 0.613347
vt 0.815464 0.681861
vt 0.833410 0.681539
vt 0.798085 0.618514
vt 0.850599 0.612257
vt 0.545544 0.095727
vt 0.557118 0.104661
vt 0.542140 0.164432
vt 0.545571 0.221885
vt 0.942119 0.263555
vt 0.942119 0.221883
vt 0.945584 0.164430
vt 0.942438 0.095725
vt 0.930705 0.104659
vt 0.853708 0.560871
vt 0.884270 0.497762
vt 0.866956 0.503001
vt 0.904617 0.549621
vt 0.814185 0.749973
vt 0.832097 0.751498
vt 0.799309 0.682499
vt 0.851924 0.681557
vt 0.591717 0.049552
vt 0.600580 0.061198
vt 0.570640 0.115069
vt 0.559083 0.171456
vt 0.928607 0.171454
vt 0.917084 0.115067
vt 0.896265 0.049550
vt 0.887243 0.061196
vt 0.851924 0.511368
vt 0.804473 0.871594
vt 0.828246 0.817967
vt 0.822121 0.876415
vt 0.810437 0.814688
vt 0.902686 0.496006
vt 0.798085 0.747675
vt 0.850599 0.752145
vt 0.648268 0.016902
vt 0.653810 0.030464
vt 0.610944 0.074763
vt 0.585186 0.126242
vt 0.902504 0.126241
vt 0.876780 0.074762
vt 0.839714 0.016901
vt 0.834014 0.030464
vt 0.788792 0.864051
vt 0.794498 0.809599
vt 0.846714 0.819212
vt 0.840534 0.878186
vt 0.711341 0.000000
vt 0.713180 0.014556
vt 0.660306 0.046263
vt 0.622102 0.089325
vt 0.865588 0.089324
vt 0.827418 0.046262
vt 0.776640 -0.000000
vt 0.774644 0.014555
vt 0.715363 0.031510
vt 0.667314 0.063221
vt 0.820376 0.063220
vt 0.772361 0.031510
vt 0.717742 0.049708
vt 0.769948 0.049708
vt 0.074903 0.115096
vt 0.104745 0.061214
vt 0.115208 0.074791
vt 0.157974 0.030481
vt 0.164570 0.046291
vt 0.061283 0.104677
vt 0.046404 0.164460
vt 0.030551 0.157908
vt 0.095723 0.049552
vt 0.049550 0.095727
vt 0.217344 0.014572
vt 0.219626 0.031537
vt 0.152274 0.016902
vt 0.031652 0.219518
vt 0.014642 0.217280
vt 0.016901 0.152279
vt 0.408382 0.555966
vt 0.393295 0.621500
vt 0.393956 0.561878
vt 0.407691 0.618275
vt 0.278808 0.014572
vt 0.276625 0.031537
vt 0.215348 0.000000
vt 0.393070 0.685984
vt 0.407456 0.685665
vt 0.031652 0.276518
vt 0.014642 0.278745
vt -0.000000 0.215354
vt 0.006384 0.147954
vt 0.040505 0.088854
vt 0.425320 0.552244
vt 0.424610 0.616242
vt 0.331682 0.046290
vt 0.338178 0.030480
vt 0.280646 -0.000000
vt 0.424368 0.685458
vt 0.030551 0.338117
vt 0.046404 0.331576
vt -0.000000 0.280654
vt 0.376174 0.558984
vt 0.393069 0.510156
vt 0.391286 0.564102
vt 0.378037 0.502606
vt 0.426449 0.497826
vt 0.409482 0.502984
vt 0.381044 0.074789
vt 0.391408 0.061213
vt 0.343720 0.016901
vt 0.407691 0.753543
vt 0.424610 0.755176
vt 0.061283 0.391347
vt 0.074903 0.380939
vt 0.016901 0.343730
vt 0.390165 0.625734
vt 0.375002 0.623392
vt 0.358809 0.555746
vt 0.360724 0.497841
vt 0.421348 0.115094
vt 0.434869 0.104675
vt 0.400271 0.049550
vt 0.408382 0.817283
vt 0.395008 0.864803
vt 0.393956 0.811927
vt 0.409482 0.872541
vt 0.425320 0.820644
vt 0.104744 0.434810
vt 0.115207 0.421244
vt 0.049550 0.400281
vt 0.389783 0.690850
vt 0.374602 0.691443
vt 0.357606 0.621901
vt 0.449847 0.164458
vt 0.465602 0.157906
vt 0.446444 0.095725
vt 0.015776 0.502891
vt 0.006361 0.563201
vt 0.000000 0.510772
vt 0.022423 0.557683
vt 0.426449 0.877400
vt 0.157974 0.465543
vt 0.164570 0.449744
vt 0.095723 0.446456
vt 0.390165 0.755015
vt 0.375002 0.758499
vt 0.357196 0.691796
vt 0.464600 0.219516
vt 0.481510 0.217277
vt 0.479093 0.152276
vt 0.026603 0.621137
vt 0.033463 0.497917
vt 0.040291 0.554194
vt 0.217344 0.481451
vt 0.219626 0.464496
vt 0.152274 0.479106
vt 0.391286 0.813854
vt 0.376174 0.819989
vt 0.357606 0.760669
vt 0.481510 0.278743
vt 0.464600 0.276516
vt 0.495994 0.215352
vt 0.010360 0.623919
vt 0.028028 0.688929
vt 0.011724 0.688788
vt 0.044584 0.619368
vt 0.278808 0.481450
vt 0.276625 0.464496
vt 0.215347 0.496006
vt 0.378037 0.871724
vt 0.393069 0.863358
vt 0.358809 0.823826
vt 0.465601 0.338115
vt 0.449847 0.331574
vt 0.495994 0.280652
vt 0.026603 0.756438
vt 0.010360 0.753386
vt 0.046048 0.688997
vt 0.331682 0.449743
vt 0.338178 0.465542
vt 0.280646 0.496006
vt 0.246248 0.560223
vt 0.267893 0.510860
vt 0.262186 0.565312
vt 0.252211 0.503317
vt 0.360724 0.876963
vt 0.434869 0.391346
vt 0.421348 0.380937
vt 0.479093 0.343727
vt 0.006361 0.813312
vt 0.022424 0.819064
vt 0.044584 0.758336
vt 0.381044 0.421243
vt 0.391408 0.434809
vt 0.343720 0.479105
vt 0.242499 0.624937
vt 0.258599 0.627236
vt 0.228438 0.556944
vt 0.234563 0.498496
vt 0.446444 0.400279
vt 0.000000 0.864482
vt 0.015776 0.872540
vt 0.040291 0.822660
vt 0.400271 0.446454
vt 0.241220 0.693050
vt 0.257376 0.692412
vt 0.224588 0.623413
vt 0.262186 0.814832
vt 0.252211 0.872092
vt 0.246248 0.820987
vt 0.267893 0.863734
vt 0.033463 0.877585
vt 0.242499 0.759919
vt 0.258599 0.756397
vt 0.223274 0.693371
vt 0.234563 0.877267
vt 0.228438 0.824776
vt 0.224588 0.762052
vt 0.711435 0.881728
vt 0.695432 0.880652
vt 0.711435 0.820752
vt 0.667556 0.886730
vt 0.681244 0.883295
vt 0.665998 0.947461
vt 0.665998 0.820752
vt 0.694133 0.885562
vt 0.695432 0.953674
vt 0.681244 0.888053
vt 0.682486 0.953228
vt 0.824593 0.937020
vt 0.839229 0.878186
vt 0.839229 0.940827
vt 0.695432 0.820752
vt 0.682486 0.826037
vt 0.711435 0.826130
vt 0.723592 0.820752
vt 0.723592 0.889830
vt 0.584494 0.268958
vt 0.591995 0.310866
vt 0.580893 0.269432
vt 0.595350 0.309476
vt 0.580893 0.226536
vt 0.584494 0.227010
vt 0.588093 0.268484
vt 0.598705 0.308087
vt 0.613442 0.348015
vt 0.616324 0.345804
vt 0.588642 0.312255
vt 0.577295 0.269906
vt 0.591995 0.185102
vt 0.595350 0.186491
vt 0.588093 0.227484
vt 0.577295 0.226062
vt 0.592951 0.271117
vt 0.592855 0.261812
vt 0.595267 0.280131
vt 0.619204 0.343594
vt 0.643774 0.378347
vt 0.645985 0.375466
vt 0.610563 0.350225
vt 0.585294 0.313643
vt 0.573702 0.270379
vt 0.613443 0.147952
vt 0.616324 0.150163
vt 0.588642 0.183712
vt 0.573702 0.225589
vt 0.598705 0.187881
vt 0.619204 0.152373
vt 0.645985 0.120501
vt 0.648195 0.123381
vt 0.682312 0.099527
vt 0.683702 0.102881
vt 0.722829 0.088670
vt 0.723304 0.092269
vt 0.764776 0.088670
vt 0.764303 0.092269
vt 0.803905 0.102880
vt 0.805294 0.099527
vt 0.839412 0.123380
vt 0.841621 0.120501
vt 0.868403 0.152372
vt 0.871282 0.150162
vt 0.888902 0.187879
vt 0.892255 0.186490
vt 0.899514 0.227482
vt 0.903112 0.227008
vt 0.899514 0.263551
vt 0.903112 0.268956
vt 0.899514 0.268483
vt 0.903112 0.263551
vt 0.892255 0.309475
vt 0.888902 0.308086
vt 0.871282 0.345803
vt 0.868403 0.343593
vt 0.841621 0.375465
vt 0.839412 0.372585
vt 0.805294 0.396439
vt 0.803905 0.393085
vt 0.764776 0.407296
vt 0.764303 0.403697
vt 0.723304 0.403697
vt 0.722829 0.407296
vt 0.683702 0.393086
vt 0.682312 0.396439
vt 0.648195 0.372586
vt 0.680922 0.399795
vt 0.641565 0.381227
vt 0.607689 0.352432
vt 0.581955 0.315027
vt 0.570119 0.270852
vt 0.643774 0.117620
vt 0.610563 0.145743
vt 0.570119 0.225117
vt 0.680922 0.096172
vt 0.722355 0.085070
vt 0.765250 0.085069
vt 0.806684 0.096171
vt 0.843832 0.117619
vt 0.874163 0.147951
vt 0.895610 0.185100
vt 0.906712 0.226534
vt 0.906712 0.269430
vt 0.906712 0.263551
vt 0.895610 0.310865
vt 0.874163 0.348014
vt 0.843832 0.378346
vt 0.806683 0.399794
vt 0.765250 0.410897
vt 0.722355 0.410897
vt 0.679533 0.403149
vt 0.639359 0.384103
vt 0.604822 0.354634
vt 0.578628 0.316407
vt 0.566548 0.271322
vt 0.641565 0.114740
vt 0.607689 0.143536
vt 0.585294 0.182325
vt 0.581955 0.180941
vt 0.566548 0.224647
vt 0.679534 0.092818
vt 0.721882 0.081471
vt 0.765725 0.081470
vt 0.808073 0.092818
vt 0.846042 0.114739
vt 0.877044 0.145741
vt 0.898965 0.183711
vt 0.910312 0.226061
vt 0.910312 0.269904
vt 0.910312 0.263551
vt 0.898965 0.312254
vt 0.877044 0.350224
vt 0.846042 0.381226
vt 0.808073 0.403148
vt 0.765725 0.414496
vt 0.721882 0.414496
vt 0.678148 0.406498
vt 0.637160 0.386973
vt 0.601965 0.356829
vt 0.575315 0.317781
vt 0.562993 0.271791
vt 0.639359 0.111864
vt 0.604822 0.141334
vt 0.578628 0.179562
vt 0.562993 0.224179
vt 0.678148 0.089469
vt 0.721411 0.077877
vt 0.766199 0.077876
vt 0.809462 0.089469
vt 0.848251 0.111863
vt 0.879921 0.143535
vt 0.902316 0.182324
vt 0.913908 0.225588
vt 0.913908 0.270377
vt 0.913908 0.263551
vt 0.902315 0.313641
vt 0.879921 0.352431
vt 0.848251 0.384102
vt 0.809462 0.406497
vt 0.766199 0.418090
vt 0.721411 0.418090
vt 0.676766 0.409840
vt 0.634969 0.389833
vt 0.599121 0.359015
vt 0.572021 0.319149
vt 0.559457 0.272258
vt 0.637160 0.108995
vt 0.601965 0.139140
vt 0.575315 0.178189
vt 0.559457 0.223713
vt 0.676766 0.086128
vt 0.720941 0.074291
vt 0.766674 0.074291
vt 0.810849 0.086127
vt 0.850455 0.108994
vt 0.882793 0.141333
vt 0.905659 0.180940
vt 0.917496 0.225116
vt 0.917496 0.270850
vt 0.917496 0.263551
vt 0.905659 0.315026
vt 0.882793 0.354633
vt 0.850455 0.386972
vt 0.810848 0.409839
vt 0.766674 0.421676
vt 0.720941 0.421676
vt 0.675390 0.413171
vt 0.632787 0.392682
vt 0.596292 0.361189
vt 0.568747 0.320507
vt 0.555943 0.272722
vt 0.634969 0.106136
vt 0.599121 0.136955
vt 0.572021 0.176823
vt 0.555943 0.223251
vt 0.675390 0.082798
vt 0.720473 0.070717
vt 0.767147 0.070717
vt 0.812231 0.082797
vt 0.852652 0.106135
vt 0.885656 0.139139
vt 0.908993 0.179561
vt 0.921073 0.224645
vt 0.921073 0.271321
vt 0.921073 0.263551
vt 0.908993 0.316406
vt 0.885656 0.356828
vt 0.852652 0.389832
vt 0.812231 0.413170
vt 0.767147 0.425251
vt 0.720473 0.425251
vt 0.674020 0.416488
vt 0.630618 0.395515
vt 0.593482 0.363351
vt 0.565497 0.321857
vt 0.552456 0.273183
vt 0.632787 0.103288
vt 0.596292 0.134782
vt 0.568747 0.175465
vt 0.552456 0.222791
vt 0.674020 0.079482
vt 0.720009 0.067158
vt 0.767620 0.067158
vt 0.813609 0.079481
vt 0.854841 0.103287
vt 0.888507 0.136954
vt 0.912313 0.178187
vt 0.924636 0.224177
vt 0.924636 0.271790
vt 0.924636 0.263552
vt 0.912313 0.317780
vt 0.888507 0.359013
vt 0.854841 0.392681
vt 0.813609 0.416487
vt 0.767620 0.428810
vt 0.720009 0.428810
vt 0.672658 0.419788
vt 0.628463 0.398332
vt 0.590692 0.365497
vt 0.562275 0.323195
vt 0.548997 0.273640
vt 0.630618 0.100455
vt 0.593482 0.132622
vt 0.565497 0.174117
vt 0.548997 0.222336
vt 0.672658 0.076183
vt 0.719547 0.063618
vt 0.768091 0.063618
vt 0.814980 0.076182
vt 0.857020 0.100454
vt 0.891345 0.134780
vt 0.915617 0.176821
vt 0.928181 0.223712
vt 0.928181 0.272256
vt 0.928181 0.263552
vt 0.915617 0.319147
vt 0.891345 0.361188
vt 0.857020 0.395514
vt 0.814980 0.419787
vt 0.768091 0.432351
vt 0.719547 0.432352
vt 0.671305 0.423067
vt 0.626323 0.401128
vt 0.587926 0.367625
vt 0.628463 0.097640
vt 0.590692 0.130477
vt 0.562275 0.172780
vt 0.671305 0.072904
vt 0.719089 0.060100
vt 0.768559 0.060100
vt 0.816344 0.072904
vt 0.859186 0.097639
vt 0.894166 0.132620
vt 0.918902 0.175463
vt 0.931705 0.223249
vt 0.931705 0.272720
vt 0.931705 0.263553
vt 0.918901 0.320506
vt 0.894166 0.363349
vt 0.859186 0.398331
vt 0.816344 0.423067
vt 0.768559 0.435871
vt 0.719089 0.435871
vt 0.669962 0.426324
vt 0.624202 0.403902
vt 0.626324 0.094845
vt 0.587926 0.128350
vt 0.669963 0.069649
vt 0.718635 0.056607
vt 0.769025 0.056606
vt 0.817698 0.069648
vt 0.861337 0.094844
vt 0.896968 0.130476
vt 0.922163 0.174115
vt 0.935205 0.222790
vt 0.935205 0.273181
vt 0.935205 0.263553
vt 0.922163 0.321855
vt 0.896968 0.365495
vt 0.861337 0.401127
vt 0.817698 0.426323
vt 0.769025 0.439365
vt 0.718635 0.439366
vt 0.668632 0.429554
vt 0.624203 0.092072
vt 0.668632 0.066420
vt 0.718186 0.053142
vt 0.769489 0.053141
vt 0.819043 0.066420
vt 0.863472 0.092071
vt 0.899748 0.128348
vt 0.925400 0.172778
vt 0.938678 0.222334
vt 0.938678 0.273638
vt 0.938678 0.263554
vt 0.925400 0.323193
vt 0.899748 0.367624
vt 0.863472 0.403901
vt 0.819043 0.429553
vt 0.769489 0.442832
vt 0.718186 0.442832
vt 0.614633 0.820617
vt 0.619102 0.817472
vt 0.619102 0.861372
vt 0.291657 0.879526
vt 0.295131 0.878719
vt 0.295131 0.920326
vt 0.288056 0.878719
vt 0.291657 0.879182
vt 0.288056 0.920072
vt 0.847126 0.923462
vt 0.850670 0.878958
vt 0.850736 0.923303
vt 0.284475 0.879211
vt 0.288056 0.878719
vt 0.284475 0.922998
vt 0.288056 0.923452
vt 0.847126 0.878186
vt 0.842857 0.925120
vt 0.847126 0.971565
vt 0.839229 0.924982
vt 0.859502 0.921951
vt 0.851924 0.965476
vt 0.855908 0.921732
vt 0.851924 0.878541
vt 0.614633 0.862088
vt 0.618188 0.861372
vt 0.618188 0.910440
vt 0.663418 0.921891
vt 0.655135 0.971965
vt 0.660061 0.921600
vt 0.655135 0.871800
vt 0.527696 0.832794
vt 0.534403 0.829090
vt 0.534511 0.832616
vt 0.527582 0.829082
vt 0.527950 0.837058
vt 0.534757 0.836735
vt 0.521312 0.832323
vt 0.521188 0.828315
vt 0.534403 0.825719
vt 0.527583 0.825534
vt 0.541186 0.828336
vt 0.541293 0.831799
vt 0.521579 0.836816
vt 0.541535 0.835869
vt 0.515793 0.831233
vt 0.515657 0.826840
vt 0.521189 0.824484
vt 0.527699 0.822178
vt 0.534514 0.822531
vt 0.541187 0.825026
vt 0.547469 0.826873
vt 0.547578 0.830399
vt 0.516078 0.836026
vt 0.547823 0.834519
vt 0.653481 0.714049
vt 0.655382 0.707516
vt 0.657847 0.711696
vt 0.650765 0.709442
vt 0.515658 0.822641
vt 0.521315 0.820861
vt 0.527930 0.819039
vt 0.534733 0.819549
vt 0.541295 0.821895
vt 0.547470 0.823503
vt 0.552824 0.824801
vt 0.552938 0.828513
vt 0.656673 0.718518
vt 0.660822 0.715863
vt 0.553192 0.832777
vt 0.651025 0.715508
vt 0.648568 0.716967
vt 0.648173 0.710672
vt 0.645582 0.711901
vt 0.653298 0.703146
vt 0.648468 0.704625
vt 0.515796 0.818669
vt 0.521564 0.817472
vt 0.990032 0.756149
vt 0.983610 0.754073
vt 0.990028 0.752705
vt 0.983614 0.757345
vt 0.976721 0.751528
vt 0.983606 0.751006
vt 0.976725 0.754540
vt 0.547580 0.820314
vt 0.552825 0.821253
vt 0.578468 0.707275
vt 0.584821 0.705808
vt 0.582704 0.709731
vt 0.580429 0.703642
vt 0.654332 0.720140
vt 0.651992 0.721761
vt 0.575956 0.711099
vt 0.580056 0.713761
vt 0.643443 0.720251
vt 0.640187 0.714728
vt 0.643057 0.706606
vt 0.620647 0.823123
vt 0.620647 0.817472
vt 0.620647 0.820298
vt 0.651611 0.698620
vt 0.646609 0.699637
vt 0.338039 0.885618
vt 0.341474 0.882154
vt 0.341052 0.887872
vt 0.995546 0.754246
vt 0.995542 0.750528
vt 0.990035 0.759781
vt 0.983616 0.760796
vt 0.976728 0.757752
vt 0.969842 0.754072
vt 0.969838 0.751005
vt 0.969834 0.748167
vt 0.963427 0.749475
vt 0.963422 0.746487
vt 0.586592 0.701718
vt 0.582070 0.699854
vt 0.587607 0.712609
vt 0.589928 0.708310
vt 0.647099 0.725371
vt 0.584783 0.716908
vt 0.638454 0.723678
vt 0.634946 0.717728
vt 0.637433 0.708953
vt 0.645763 0.705616
vt 0.643811 0.700379
vt 0.641013 0.701122
vt 0.650334 0.693974
vt 0.645202 0.694517
vt 0.338039 0.878719
vt 0.353906 0.879777
vt 0.356902 0.884856
vt 0.353906 0.885821
vt 0.357191 0.878719
vt 0.995549 0.758168
vt 0.990037 0.763574
vt 0.983619 0.764398
vt 0.976731 0.761141
vt 0.969846 0.757344
vt 0.963431 0.752703
vt 0.588003 0.697493
vt 0.583376 0.695940
vt 0.591869 0.703826
vt 0.350263 0.881697
vt 0.347001 0.886228
vt 0.347001 0.878719
vt 0.592843 0.715714
vt 0.595401 0.710975
vt 0.642327 0.729101
vt 0.589813 0.720325
vt 0.633943 0.727013
vt 0.327911 0.882075
vt 0.323321 0.887859
vt 0.323321 0.878719
vt 0.631980 0.711507
vt 0.635204 0.702973
vt 0.642334 0.695005
vt 0.639466 0.695492
vt 0.649478 0.689245
vt 0.644258 0.689304
vt 0.653341 0.685230
vt 0.653733 0.689587
vt 0.649049 0.684469
vt 0.995552 0.762262
vt 0.990039 0.767496
vt 0.983620 0.768124
vt 0.976734 0.764679
vt 0.969848 0.760795
vt 0.963434 0.756147
vt 0.589042 0.693166
vt 0.584339 0.691932
vt 0.593415 0.699195
vt 0.597540 0.706034
vt 0.595449 0.717274
vt 0.598055 0.718834
vt 0.598134 0.712300
vt 0.600867 0.713624
vt 0.638001 0.732697
vt 0.592309 0.722053
vt 0.594805 0.723781
vt 0.630219 0.720697
vt 0.630215 0.730031
vt 0.626325 0.723433
vt 0.627069 0.714093
vt 0.629579 0.705065
vt 0.633517 0.696835
vt 0.641343 0.689533
vt 0.304719 0.882939
vt 0.308846 0.878719
vt 0.306902 0.884763
vt 0.643784 0.684042
vt 0.653342 0.680866
vt 0.649049 0.679686
vt 0.995554 0.766497
vt 0.353906 0.881213
vt 0.350263 0.885320
vt 0.350263 0.878719
vt 0.990040 0.771517
vt 0.983622 0.771944
vt 0.976735 0.768338
vt 0.969851 0.764397
vt 0.963437 0.759780
vt 0.589702 0.688772
vt 0.584950 0.687862
vt 0.594554 0.694453
vt 0.599244 0.700930
vt 0.603219 0.708192
vt 0.619102 0.817472
vt 0.619102 0.823566
vt 0.619102 0.820519
vt 0.602888 0.721756
vt 0.605955 0.716075
vt 0.634416 0.735914
vt 0.599418 0.727038
vt 0.994530 0.739214
vt 0.988184 0.746487
vt 0.988089 0.740749
vt 0.994623 0.744803
vt 0.623036 0.716535
vt 0.332447 0.882128
vt 0.327911 0.887947
vt 0.327911 0.878719
vt 0.627761 0.698451
vt 0.638428 0.689762
vt 0.632385 0.690586
vt 0.300982 0.887494
vt 0.303333 0.889112
vt 0.305684 0.890730
vt 0.643785 0.678769
vt 0.653735 0.676528
vt 0.649481 0.674931
vt 0.995555 0.770838
vt 0.990041 0.775605
vt 0.983622 0.775827
vt 0.976736 0.772089
vt 0.969853 0.768123
vt 0.963440 0.763572
vt 0.957934 0.758165
vt 0.957931 0.754244
vt 0.595277 0.689636
vt 0.600500 0.695703
vt 0.600380 0.707113
vt 0.602169 0.701755
vt 0.605093 0.702580
vt 0.608520 0.710151
vt 0.607013 0.724281
vt 0.610317 0.718161
vt 0.611809 0.832366
vt 0.606210 0.836459
vt 0.606128 0.830257
vt 0.611889 0.838438
vt 0.603338 0.729876
vt 0.605874 0.824040
vt 0.599628 0.828969
vt 0.599372 0.822696
vt 0.994446 0.733177
vt 0.988002 0.734549
vt 0.994370 0.726737
vt 1.000000 0.730998
vt 0.999927 0.724833
vt 0.624520 0.707254
vt 0.622591 0.700233
vt 0.626542 0.691720
vt 0.637907 0.683976
vt 0.631818 0.684276
vt 0.300164 0.878908
vt 0.640846 0.684009
vt 0.640847 0.678474
vt 0.637908 0.678179
vt 0.300164 0.893746
vt 0.644261 0.673529
vt 0.654518 0.672251
vt 0.650339 0.670243
vt 0.360471 0.882120
vt 0.363345 0.878719
vt 0.363345 0.885146
vt 0.995556 0.775252
vt 0.990041 0.780176
vt 0.983622 0.780243
vt 0.976737 0.775903
vt 0.969854 0.771943
vt 0.963441 0.767494
vt 0.957937 0.762260
vt 0.589976 0.684345
vt 0.595578 0.684783
vt 0.601296 0.690394
vt 0.603486 0.696268
vt 0.606473 0.696833
vt 0.610563 0.704032
vt 0.613080 0.711779
vt 0.574276 0.827380
vt 0.579745 0.830593
vt 0.574498 0.832841
vt 0.579509 0.824796
vt 0.599711 0.835214
vt 0.579823 0.836459
vt 0.574572 0.838438
vt 0.592753 0.828588
vt 0.592500 0.822371
vt 0.981197 0.741277
vt 0.981109 0.735023
vt 0.987924 0.727937
vt 0.994303 0.719946
vt 0.999863 0.718332
vt 0.621296 0.693087
vt 0.625931 0.684922
vt 0.631819 0.677955
vt 0.641346 0.672974
vt 0.638431 0.672418
vt 0.645207 0.668363
vt 0.655685 0.668069
vt 0.651618 0.665659
vt 0.995556 0.780069
vt 0.990031 0.953086
vt 0.983612 0.953101
vt 0.976737 0.780266
vt 0.969854 0.775826
vt 0.963443 0.771515
vt 0.957939 0.766494
vt 0.589864 0.679919
vt 0.595455 0.679932
vt 0.601628 0.685046
vt 0.604323 0.690695
vt 0.607349 0.690997
vt 0.612068 0.697765
vt 0.615281 0.705187
vt 0.573909 0.822316
vt 0.579119 0.819420
vt 0.585725 0.823088
vt 0.585972 0.829142
vt 0.592835 0.834790
vt 0.586052 0.835214
vt 0.974323 0.740763
vt 0.974236 0.734564
vt 0.981031 0.728352
vt 0.987856 0.720965
vt 0.994246 0.712858
vt 0.999809 0.711546
vt 0.620647 0.685871
vt 0.625932 0.678113
vt 0.632389 0.671673
vt 0.642339 0.667550
vt 0.341474 0.883918
vt 0.344161 0.878719
vt 0.344161 0.884988
vt 0.646616 0.663311
vt 0.657352 0.663682
vt 0.653396 0.660980
vt 0.995546 0.953061
vt 0.976727 0.953106
vt 0.969854 0.780243
vt 0.963443 0.775604
vt 0.957940 0.770835
vt 0.589366 0.675530
vt 0.594909 0.675121
vt 0.601493 0.679699
vt 0.604671 0.685081
vt 0.607714 0.685116
vt 0.613023 0.691401
vt 0.616903 0.698436
vt 0.616589 0.712965
vt 0.618926 0.705967
vt 0.585318 0.817472
vt 0.967936 0.739242
vt 0.967852 0.733205
vt 0.974158 0.727952
vt 0.980962 0.721317
vt 0.987797 0.713686
vt 0.994199 0.705528
vt 0.999764 0.704528
vt 0.620649 0.678642
vt 0.626546 0.671345
vt 0.639471 0.666738
vt 0.633523 0.665479
vt 0.643818 0.662247
vt 0.641020 0.661183
vt 0.342050 0.890147
vt 0.648524 0.658291
vt 0.724237 0.509277
vt 0.720322 0.506479
vt 0.969844 0.953100
vt 0.963444 0.780174
vt 0.957941 0.775249
vt 0.588485 0.671212
vt 0.593944 0.670388
vt 0.600891 0.674397
vt 0.604529 0.679469
vt 0.607565 0.679238
vt 0.613421 0.684988
vt 0.617932 0.691580
vt 0.620647 0.698800
vt 0.962390 0.731038
vt 0.967776 0.726765
vt 0.962318 0.724873
vt 0.974090 0.720979
vt 0.980902 0.713974
vt 0.987749 0.706160
vt 0.994163 0.698015
vt 0.999729 0.697335
vt 0.621301 0.671457
vt 0.627768 0.664673
vt 0.635213 0.659422
vt 0.645795 0.657045
vt 0.643067 0.655798
vt 0.715498 0.503679
vt 0.963433 0.953084
vt 0.957941 0.780067
vt 0.587230 0.667000
vt 0.592568 0.665771
vt 0.599827 0.669182
vt 0.603897 0.673903
vt 0.606904 0.673409
vt 0.613259 0.678579
vt 0.618360 0.684672
vt 0.958045 0.709887
vt 0.962254 0.718371
vt 0.958096 0.716279
vt 0.962199 0.711585
vt 0.967709 0.719975
vt 0.974031 0.713701
vt 0.980854 0.706381
vt 0.987712 0.698445
vt 0.994137 0.690376
vt 0.999705 0.690022
vt 0.622598 0.664373
vt 0.629588 0.658148
vt 0.637398 0.653672
vt 0.712795 0.502373
vt 0.710093 0.501067
vt 0.957931 0.953058
vt 0.585476 0.662593
vt 0.590697 0.661070
vt 0.598310 0.664093
vt 0.602781 0.668428
vt 0.605734 0.667674
vt 0.612537 0.672222
vt 0.618185 0.677767
vt 0.958002 0.703277
vt 0.962154 0.704568
vt 0.967652 0.712886
vt 0.973983 0.706175
vt 0.980816 0.698597
vt 0.987686 0.690602
vt 0.994123 0.682674
vt 0.999691 0.682648
vt 0.332447 0.878719
vt 0.338039 0.878719
vt 0.333792 0.886109
vt 0.624530 0.657446
vt 0.631902 0.652057
vt 0.704475 0.498821
vt 0.520835 0.506048
vt 0.515657 0.507666
vt 0.596304 0.659050
vt 0.601188 0.663086
vt 0.604066 0.662080
vt 0.611262 0.665969
vt 0.617408 0.670919
vt 0.957970 0.696501
vt 0.962120 0.697375
vt 0.967605 0.705557
vt 0.973946 0.698460
vt 0.980790 0.690684
vt 0.281877 0.890366
vt 0.284475 0.896746
vt 0.274972 0.893517
vt 0.987671 0.682693
vt 0.994120 0.674967
vt 0.999688 0.675270
vt 0.626956 0.651064
vt 0.699028 0.497095
vt 0.526391 0.503916
vt 0.599109 0.657860
vt 0.601914 0.656669
vt 0.609444 0.659869
vt 0.616034 0.664182
vt 0.957947 0.689613
vt 0.962095 0.690062
vt 0.967569 0.698043
vt 0.271922 0.887341
vt 0.278766 0.884218
vt 0.980775 0.682705
vt 0.987668 0.674780
vt 0.994127 0.667763
vt 0.999695 0.668310
vt 0.694123 0.496006
vt 0.529169 0.502666
vt 0.531947 0.501416
vt 0.607145 0.654091
vt 0.614075 0.657611
vt 0.957934 0.682666
vt 0.962081 0.682688
vt 0.967543 0.690405
vt 0.268689 0.881760
vt 0.275354 0.878719
vt 0.973920 0.690617
vt 0.973905 0.682708
vt 0.267893 0.896746
vt 0.980772 0.674721
vt 0.987675 0.667422
vt 0.994432 0.496527
vt 1.000000 0.497155
vt 0.537124 0.498718
vt 0.317676 0.891307
vt 0.312863 0.894100
vt 0.313646 0.886188
vt 0.957931 0.675717
vt 0.317806 0.883942
vt 0.312863 0.878719
vt 0.967529 0.682702
vt 0.973902 0.674795
vt 0.980779 0.667310
vt 0.987980 0.496135
vt 0.541570 0.496006
vt 0.611640 0.651491
vt 0.962078 0.675310
vt 0.957938 0.669075
vt 0.962086 0.668350
vt 0.317807 0.886708
vt 0.317807 0.879397
vt 0.323321 0.886356
vt 0.323321 0.878719
vt 0.967526 0.674996
vt 0.973909 0.667436
vt 0.981084 0.496006
vt 0.962390 0.497195
vt 0.958242 0.498026
vt 0.967533 0.667791
vt 0.974214 0.496149
vt 0.967838 0.496555
vt 0.621336 0.891495
vt 0.621336 0.905263
vt 0.620647 0.898378
vt 0.623354 0.885082
vt 0.623354 0.911680
vt 0.626565 0.879577
vt 0.626565 0.917191
vt 0.630749 0.875354
vt 0.630749 0.921422
vt 0.635621 0.872701
vt 0.635621 0.924084
vt 0.640850 0.871800
vt 0.640850 0.924995
vt 0.643464 0.872256
vt 0.643464 0.924544
vt 0.646079 0.872711
vt 0.646079 0.924094
vt 0.650951 0.875373
vt 0.650951 0.921441
vt 0.655135 0.879604
vt 0.655135 0.917218
vt 0.308846 0.910982
vt 0.308846 0.878719
vt 0.311493 0.905185
vt 0.311493 0.884903
vt 0.312863 0.898603
vt 0.312863 0.891685
vt 0.906206 0.910682
vt 0.903375 0.916151
vt 0.903375 0.878541
vt 0.563755 0.773982
vt 0.561911 0.770107
vt 0.560067 0.766231
vt 0.566934 0.781468
vt 0.556122 0.758743
vt 0.569388 0.788179
vt 0.552189 0.752028
vt 0.564766 0.893065
vt 0.571692 0.893615
vt 0.548535 0.746543
vt 0.557369 0.875831
vt 0.564766 0.875130
vt 0.579960 0.894406
vt 0.548866 0.877084
vt 0.589005 0.895383
vt 0.539835 0.878805
vt 0.598212 0.896480
vt 0.530891 0.880876
vt 0.606954 0.897623
vt 0.614633 0.898732
vt 0.522644 0.883155
vt 0.674949 0.796909
vt 0.677835 0.790753
vt 0.515657 0.885488
vt 0.681132 0.783531
vt 0.693840 0.754194
vt 0.691193 0.760549
vt 0.684615 0.775734
vt 0.689620 0.764222
vt 0.688046 0.767896
vt 0.580437 0.926629
vt 0.586666 0.925385
vt 0.593450 0.924961
vt 0.575186 0.928609
vt 0.543039 0.817472
vt 0.600325 0.925385
vt 0.539119 0.814635
vt 0.606824 0.926629
vt 0.534506 0.811377
vt 0.532011 0.809649
vt 0.612503 0.928609
vt 0.701416 0.817535
vt 0.697831 0.820752
vt 0.529515 0.807922
vt 0.524484 0.804504
vt 0.705742 0.813939
vt 0.519757 0.801358
vt 0.710514 0.810209
vt 0.515657 0.798696
vt 0.715407 0.806600
vt 0.559826 0.932638
vt 0.554457 0.934380
vt 0.717747 0.804978
vt 0.548169 0.935730
vt 0.720088 0.803357
vt 0.541391 0.936596
vt 0.724237 0.800701
vt 0.522712 0.935887
vt 0.534584 0.936919
vt 0.528213 0.936677
vt 0.594987 0.252848
vt 0.599646 0.288237
vt 0.599201 0.244837
vt 0.605789 0.294884
vt 0.605209 0.238325
vt 0.613279 0.299620
vt 0.612603 0.233755
vt 0.621603 0.302120
vt 0.630196 0.302216
vt 0.620878 0.231439
vt 0.625175 0.231486
vt 0.634334 0.301058
vt 0.629471 0.231534
vt 0.638471 0.299899
vt 0.645865 0.295329
vt 0.637796 0.234034
vt 0.645285 0.238770
vt 0.651874 0.288817
vt 0.651429 0.245417
vt 0.656088 0.280806
vt 0.655808 0.253524
vt 0.658219 0.271842
vt 0.658124 0.262537
vt 0.873112 0.878541
vt 0.880441 0.883029
vt 0.873112 0.944409
vt 0.899337 0.897341
vt 0.894792 0.904222
vt 0.894786 0.897337
vt 0.899342 0.903723
vt 0.899342 0.890960
vt 0.894792 0.890454
vt 0.903357 0.897346
vt 0.903362 0.903026
vt 0.894808 0.910641
vt 0.899357 0.909652
vt 0.899357 0.885039
vt 0.894808 0.884043
vt 0.903362 0.891667
vt 0.788792 0.900799
vt 0.792646 0.906626
vt 0.788792 0.906391
vt 0.903375 0.908269
vt 0.894833 0.916156
vt 0.899380 0.914709
vt 0.899380 0.879993
vt 0.894833 0.878541
vt 0.903375 0.886431
vt 0.790091 0.895348
vt 0.792646 0.901894
vt 0.793746 0.897281
vt 0.797068 0.906617
vt 0.797068 0.902877
vt 0.793724 0.911062
vt 0.790078 0.911689
vt 0.881713 0.883212
vt 0.887553 0.880374
vt 0.886503 0.884616
vt 0.882869 0.878541
vt 0.296022 0.880141
vt 0.299515 0.884105
vt 0.295433 0.885033
vt 0.300164 0.878719
vt 0.796025 0.886486
vt 0.789934 0.887984
vt 0.793881 0.883437
vt 0.792578 0.890458
vt 0.795828 0.893186
vt 0.797937 0.899232
vt 0.801872 0.906364
vt 0.801872 0.903709
vt 0.797904 0.910059
vt 0.890922 0.886509
vt 0.891823 0.882867
vt 0.880890 0.888729
vt 0.885763 0.889578
vt 0.299179 0.890047
vt 0.295131 0.890377
vt 0.800137 0.883686
vt 0.798670 0.880175
vt 0.798655 0.889930
vt 0.799552 0.896055
vt 0.802489 0.901120
vt 0.806678 0.905896
vt 0.806860 0.904354
vt 0.802444 0.908719
vt 0.799396 0.912879
vt 0.795723 0.914841
vt 0.792517 0.916298
vt 0.798393 0.917712
vt 0.795874 0.919907
vt 0.890297 0.890695
vt 0.885375 0.894928
vt 0.880456 0.894716
vt 0.299179 0.896139
vt 0.295131 0.895821
vt 0.803958 0.878395
vt 0.804598 0.882184
vt 0.801926 0.887702
vt 0.801662 0.893625
vt 0.803594 0.898946
vt 0.807042 0.902805
vt 0.811827 0.904786
vt 0.811209 0.907375
vt 0.806507 0.907323
vt 0.803382 0.910493
vt 0.801273 0.914897
vt 0.894306 0.892033
vt 0.894786 0.888813
vt 0.889974 0.895154
vt 0.880449 0.897741
vt 0.885362 0.900334
vt 0.880441 0.900766
vt 0.885369 0.897628
vt 0.295431 0.901029
vt 0.299347 0.899053
vt 0.299515 0.901968
vt 0.295281 0.898422
vt 0.809398 0.878186
vt 0.809132 0.882010
vt 0.805357 0.886547
vt 0.803961 0.892058
vt 0.804921 0.897418
vt 0.807210 0.901355
vt 0.811827 0.902131
vt 0.810104 0.909549
vt 0.816565 0.904988
vt 0.815696 0.908633
vt 0.806361 0.908540
vt 0.804393 0.911580
vt 0.803285 0.916113
vt 0.801470 0.919572
vt 0.894063 0.895385
vt 0.889963 0.899660
vt 0.889969 0.897399
vt 0.885726 0.905460
vt 0.880847 0.906465
vt 0.813511 0.883148
vt 0.812022 0.878868
vt 0.814652 0.879552
vt 0.811314 0.882577
vt 0.296015 0.905675
vt 0.300164 0.907134
vt 0.808765 0.886416
vt 0.806205 0.891303
vt 0.806160 0.896574
vt 0.807353 0.900108
vt 0.811254 0.899776
vt 0.816565 0.901248
vt 0.808777 0.911077
vt 0.814081 0.911810
vt 0.820880 0.904950
vt 0.819780 0.909563
vt 0.806248 0.909467
vt 0.805242 0.912093
vt 0.805320 0.916643
vt 0.804762 0.920427
vt 0.894055 0.898771
vt 0.620647 0.820815
vt 0.620647 0.817472
vt 0.620647 0.819130
vt 0.890271 0.903984
vt 0.886451 0.909966
vt 0.881644 0.911427
vt 0.810398 0.886840
vt 0.812056 0.887272
vt 0.620647 0.821978
vt 0.620647 0.819717
vt 0.817511 0.885566
vt 0.819393 0.882418
vt 0.866222 0.914475
vt 0.862518 0.920236
vt 0.861531 0.916122
vt 0.867119 0.918211
vt 0.808312 0.891222
vt 0.807106 0.896256
vt 0.807463 0.899151
vt 0.810316 0.898002
vt 0.815729 0.897806
vt 0.820880 0.900218
vt 0.807539 0.911921
vt 0.811971 0.914240
vt 0.817698 0.913657
vt 0.872738 0.892045
vt 0.868935 0.897063
vt 0.868825 0.891374
vt 0.872830 0.896860
vt 0.805905 0.912265
vt 0.806452 0.920363
vt 0.808169 0.920297
vt 0.806354 0.916603
vt 0.807428 0.916562
vt 0.894292 0.902097
vt 0.890893 0.907853
vt 0.864870 0.879790
vt 0.859649 0.884129
vt 0.860066 0.878541
vt 0.864487 0.884914
vt 0.815133 0.889132
vt 0.809311 0.891482
vt 0.810348 0.891751
vt 0.619102 0.820859
vt 0.619102 0.817472
vt 0.619102 0.819152
vt 0.823303 0.886621
vt 0.820868 0.889175
vt 0.865446 0.909505
vt 0.860685 0.910703
vt 0.807793 0.896230
vt 0.809305 0.896915
vt 0.814237 0.894986
vt 0.819803 0.895781
vt 0.873112 0.901649
vt 0.869268 0.902723
vt 0.806592 0.912239
vt 0.809672 0.915806
vt 0.814871 0.916913
vt 0.872838 0.887625
vt 0.868945 0.886096
vt 0.864475 0.897275
vt 0.864352 0.890883
vt 0.806222 0.912253
vt 0.811601 0.919141
vt 0.894786 0.905175
vt 0.869279 0.881620
vt 0.859502 0.890591
vt 0.817804 0.892002
vt 0.812360 0.892967
vt 0.808098 0.896309
vt 0.808457 0.896402
vt 0.869796 0.907915
vt 0.870474 0.912256
vt 0.864849 0.903635
vt 0.860038 0.904346
vt 0.824593 0.899082
vt 0.823306 0.893784
vt 0.873112 0.883956
vt 0.859635 0.897486
vt 0.619102 0.818155
vt 0.619102 0.817472
vt 0.619102 0.817787
vt 0.618188 0.864015
vt 0.620289 0.861372
vt 0.620289 0.868200
vt 0.357191 0.883113
vt 0.357191 0.878719
vt 0.360471 0.885583
vt 0.360471 0.880553
vt 0.363345 0.879754
vt 0.366026 0.878719
vt 0.363345 0.884071
vt 0.366026 0.883985
vt 0.347001 0.882687
vt 0.344161 0.883899
vt 0.345049 0.878719
vt 0.347001 0.887906
vt 0.620449 0.872147
vt 0.618188 0.872147
vt 0.619889 0.868200
vt 0.643323 0.871752
vt 0.652075 0.869875
vt 0.646308 0.871704
vt 0.640338 0.871800
vt 0.657246 0.866439
vt 0.634570 0.870156
vt 0.629400 0.866885
vt 0.661468 0.861628
vt 0.625178 0.862210
vt 0.664453 0.855770
vt 0.622193 0.856449
vt 0.665998 0.849266
vt 0.665998 0.842558
vt 0.620647 0.849994
vt 0.620647 0.843286
vt 0.664453 0.836104
vt 0.622193 0.836782
vt 0.661468 0.830342
vt 0.625178 0.830925
vt 0.657246 0.825667
vt 0.629400 0.826114
vt 0.652075 0.822396
vt 0.634570 0.822677
vt 0.646308 0.820752
vt 0.640337 0.820848
vt 0.637454 0.821763
s 0
usemtl material_0
f 19/1/1 20/2/1 1/3/1
f 20/2/1 19/1/1 21/4/1
f 21/4/1 19/1/1 2/5/1
f 21/4/1 2/5/1 3/6/1
f 21/4/1 3/6/1 18/7/1
f 18/7/1 3/6/1 17/8/1
f 18/7/1 17/8/1 4/9/1
f 4/9/1 17/8/1 5/10/1
f 5/10/1 17/8/1 16/11/1
f 5/10/1 16/11/1 6/12/1
f 5/10/1 6/12/1 7/13/1
f 7/13/1 6/12/1 23/14/1
f 23/14/1 6/12/1 15/15/1
f 23/14/1 15/15/1 8/16/1
f 8/16/1 15/15/1 22/17/1
f 8/16/1 22/17/1 308/18/1
f 308/18/1 22/17/1 14/19/1
f 308/18/1 14/19/1 9/20/1
f 9/20/1 14/19/1 13/21/1
f 9/20/1 13/21/1 10/22/1
f 9/20/1 10/22/1 11/23/1
f 11/23/1 10/22/1 12/24/1
s 1
f 198/447/257 197/448/258 196/449/259
f 200/450/260 207/451/261 196/452/262
f 207/451/261 200/450/260 215/453/263
f 226/454/264 216/455/265 215/456/263
f 207/457/261 215/456/263 216/455/265
f 214/458/266 223/459/267 225/460/268
f 236/461/269 226/454/264 225/462/270
f 215/456/263 225/462/270 226/454/264
f 256/463/271 267/464/272 245/465/273
f 329/466/274 328/467/275 327/468/276
f 328/467/275 329/466/274 330/469/277
f 331/470/278 329/466/274 327/468/276
f 329/466/274 331/470/278 332/471/279
f 333/472/280 330/469/277 329/466/274
f 330/469/277 333/472/280 334/473/281
f 330/469/277 336/474/282 328/467/275
f 336/474/282 330/469/277 335/475/283
f 327/468/276 338/476/284 337/477/285
f 338/476/284 327/468/276 328/467/275
f 340/478/286 332/471/279 331/470/278
f 332/471/279 340/478/286 339/479/287
f 332/471/279 333/472/280 329/466/274
f 333/472/280 332/471/279 341/480/288
f 342/481/289 327/468/276 337/477/285
f 327/468/276 342/481/289 331/470/278
f 354/482/1 341/480/288 1007/483/1
f 354/482/1 334/473/281 333/472/280
f 334/473/281 354/482/1 1019/484/1
f 334/473/281 335/475/283 330/469/277
f 335/475/283 334/473/281 353/485/290
f 335/475/283 370/486/291 336/474/282
f 370/486/291 335/475/283 371/487/292
f 328/467/275 372/488/293 338/476/284
f 372/488/293 328/467/275 336/474/282
f 337/477/285 373/489/294 374/490/295
f 373/489/294 337/477/285 338/476/284
f 375/491/296 339/479/287 340/478/286
f 339/479/287 375/491/296 376/492/297
f 339/479/287 341/480/288 332/471/279
f 377/493/298 331/470/278 342/481/289
f 331/470/278 377/493/298 340/478/286
f 378/494/299 337/477/285 374/490/295
f 337/477/285 378/494/299 342/481/289
f 376/492/297 360/495/300 339/479/287
f 360/495/300 376/492/297 359/496/301
f 379/497/302 359/496/301 376/492/297
f 359/496/301 379/497/302 361/498/303
f 380/499/304 361/498/303 379/497/302
f 361/498/303 380/499/304 362/500/305
f 381/501/306 362/500/305 380/499/304
f 362/500/305 381/501/306 344/502/307
f 382/503/308 344/502/307 381/501/306
f 344/502/307 382/503/308 356/504/309
f 382/503/308 355/505/310 356/504/309
f 355/505/310 382/503/308 383/506/311
f 383/506/311 348/507/312 355/505/310
f 348/507/312 383/506/311 384/508/313
f 384/508/313 363/509/314 348/507/312
f 363/509/314 384/508/313 385/510/315
f 385/510/315 364/511/316 363/509/314
f 364/511/316 385/510/315 386/512/317
f 386/512/317 365/513/318 364/511/316
f 365/513/318 386/512/317 387/514/319
s 0
f 351/515/320 389/516/321 350/517/322
s 1
f 389/516/323 351/515/324 365/513/318
f 389/516/323 365/513/318 388/518/325
s 0
f 388/518/326 365/513/318 387/514/327
s 1
f 350/517/322 390/519/328 349/520/329
f 390/519/328 350/517/322 389/516/323
f 349/520/329 391/521/330 347/522/331
f 391/521/330 349/520/329 390/519/328
f 347/522/331 392/523/332 346/524/333
f 392/523/332 347/522/331 391/521/330
f 346/524/333 393/525/334 357/526/335
f 393/525/334 346/524/333 392/523/332
f 357/526/335 394/527/336 345/528/337
f 366/529/338 394/527/336 395/530/339
f 394/527/336 366/529/338 345/528/337
f 367/531/340 395/530/339 396/532/341
f 395/530/339 367/531/340 366/529/338
f 368/533/342 396/532/341 371/487/292
f 396/532/341 368/533/342 367/531/340
f 353/485/290 371/487/292 335/475/283
f 371/487/292 353/485/290 368/533/342
f 371/487/292 397/534/343 370/486/291
f 397/534/343 371/487/292 396/532/341
f 336/474/282 398/535/344 372/488/293
f 398/535/344 336/474/282 370/486/291
f 399/536/345 338/476/284 372/488/293
f 374/490/295 400/537/346 401/538/347
f 400/537/346 374/490/295 373/489/294
f 402/539/348 376/492/297 375/491/296
f 376/492/297 402/539/348 379/497/302
f 403/540/349 340/478/286 377/493/298
f 340/478/286 403/540/349 375/491/296
f 405/541/350 374/490/295 401/538/347
f 374/490/295 405/541/350 378/494/299
f 406/542/351 379/497/302 402/539/348
f 379/497/302 406/542/351 380/499/304
f 407/543/352 380/499/304 406/542/351
f 380/499/304 407/543/352 381/501/306
f 408/544/353 381/501/306 407/543/352
f 381/501/306 408/544/353 382/503/308
f 408/544/353 383/506/311 382/503/308
f 383/506/311 408/544/353 409/545/354
f 409/545/354 384/508/313 383/506/311
f 384/508/313 409/545/354 410/546/355
f 410/546/355 385/510/315 384/508/313
f 385/510/315 410/546/355 411/547/356
f 411/547/356 386/512/317 385/510/315
f 386/512/317 411/547/356 412/548/357
f 412/548/357 387/514/319 386/512/317
f 387/514/319 412/548/357 413/549/358
f 388/518/325 414/550/359 389/516/323
f 414/550/359 388/518/325 387/514/319
f 414/550/359 387/514/319 415/551/360
f 415/551/360 387/514/319 413/549/358
f 389/516/323 416/552/361 390/519/328
f 416/552/361 389/516/323 414/550/359
f 390/519/328 417/553/362 391/521/330
f 417/553/362 390/519/328 416/552/361
f 391/521/330 418/554/363 392/523/332
f 418/554/363 391/521/330 417/553/362
f 392/523/332 419/555/364 393/525/334
f 419/555/364 392/523/332 418/554/363
f 393/525/334 420/556/365 394/527/336
f 420/556/365 393/525/334 419/555/364
f 395/530/339 420/556/365 421/557/366
f 420/556/365 395/530/339 394/527/336
f 396/532/341 421/557/366 397/534/343
f 421/557/366 396/532/341 395/530/339
f 370/486/291 422/558/367 398/535/344
f 422/558/367 370/486/291 397/534/343
f 372/488/293 423/559/368 399/536/345
f 423/559/368 372/488/293 398/535/344
f 373/489/294 424/560/369 400/537/346
f 401/538/347 425/561/370 426/562/371
f 425/561/370 401/538/347 400/537/346
f 427/563/372 375/491/296 403/540/349
f 375/491/296 427/563/372 402/539/348
f 428/564/373 377/493/298 404/565/374
f 377/493/298 428/564/373 403/540/349
f 429/566/375 378/494/299 405/541/350
f 378/494/299 429/566/375 404/565/374
f 430/567/376 401/538/347 426/562/371
f 401/538/347 430/567/376 405/541/350
f 431/568/377 402/539/348 427/563/372
f 402/539/348 431/568/377 406/542/351
f 432/569/378 406/542/351 431/568/377
f 406/542/351 432/569/378 407/543/352
f 433/570/379 407/543/352 432/569/378
f 407/543/352 433/570/379 408/544/353
f 433/570/379 409/545/354 408/544/353
f 409/545/354 433/570/379 434/571/380
f 434/571/380 410/546/355 409/545/354
f 410/546/355 434/571/380 435/572/381
f 435/572/381 411/547/356 410/546/355
f 411/547/356 435/572/381 436/573/382
f 436/573/382 412/548/357 411/547/356
f 412/548/357 436/573/382 437/574/383
f 437/574/383 413/549/358 412/548/357
f 413/549/358 437/574/383 438/575/384
f 415/551/360 439/576/385 414/550/359
f 439/576/385 415/551/360 413/549/358
f 439/576/385 413/549/358 440/577/386
f 440/577/386 413/549/358 438/575/384
f 414/550/359 441/578/387 416/552/361
f 441/578/387 414/550/359 439/576/385
f 416/552/361 442/579/388 417/553/362
f 442/579/388 416/552/361 441/578/387
f 417/553/362 443/580/389 418/554/363
f 443/580/389 417/553/362 442/579/388
f 418/554/363 444/581/390 419/555/364
f 444/581/390 418/554/363 443/580/389
f 419/555/364 445/582/391 420/556/365
f 445/582/391 419/555/364 444/581/390
f 421/557/366 445/582/391 446/583/392
f 445/582/391 421/557/366 420/556/365
f 397/534/343 446/583/392 422/558/367
f 446/583/392 397/534/343 421/557/366
f 398/535/344 447/584/393 423/559/368
f 447/584/393 398/535/344 422/558/367
f 399/536/345 448/585/394 424/560/369
f 448/585/394 399/536/345 423/559/368
f 400/537/346 449/586/395 425/561/370
f 449/586/395 400/537/346 424/560/369
f 426/562/371 450/587/396 451/588/397
f 452/589/398 403/540/349 428/564/373
f 403/540/349 452/589/398 427/563/372
f 453/590/399 404/565/374 429/566/375
f 404/565/374 453/590/399 428/564/373
f 454/591/400 405/541/350 430/567/376
f 405/541/350 454/591/400 429/566/375
f 455/592/401 426/562/371 451/588/397
f 426/562/371 455/592/401 430/567/376
f 456/593/402 427/563/372 452/589/398
f 427/563/372 456/593/402 431/568/377
f 457/594/403 431/568/377 456/593/402
f 431/568/377 457/594/403 432/569/378
f 458/595/404 432/569/378 457/594/403
f 432/569/378 458/595/404 433/570/379
f 458/595/404 434/571/380 433/570/379
f 435/572/381 459/596/405 460/597/406
f 460/597/406 436/573/382 435/572/381
f 436/573/382 460/597/406 461/598/407
f 461/598/407 437/574/383 436/573/382
f 437/574/383 461/598/407 462/599/408
f 462/599/408 438/575/384 437/574/383
f 438/575/384 462/599/408 463/600/409
f 440/577/386 464/601/410 439/576/385
f 464/601/410 440/577/386 438/575/384
f 464/601/410 438/575/384 465/602/411
f 465/602/411 438/575/384 463/600/409
f 439/576/385 466/603/412 441/578/387
f 466/603/412 439/576/385 464/601/410
f 441/578/387 467/604/413 442/579/388
f 467/604/413 441/578/387 466/603/412
f 442/579/388 468/605/414 443/580/389
f 468/605/414 442/579/388 467/604/413
f 443/580/389 469/606/415 444/581/390
f 469/606/415 443/580/389 468/605/414
f 444/581/390 470/607/416 445/582/391
f 470/607/416 444/581/390 469/606/415
f 446/583/392 470/607/416 471/608/417
f 470/607/416 446/583/392 445/582/391
f 422/558/367 471/608/417 447/584/393
f 471/608/417 422/558/367 446/583/392
f 423/559/368 472/609/418 448/585/394
f 472/609/418 423/559/368 447/584/393
f 424/560/369 473/610/419 449/586/395
f 473/610/419 424/560/369 448/585/394
f 474/611/420 425/561/370 449/586/395
f 451/588/397 475/612/421 476/613/422
f 475/612/421 451/588/397 450/587/396
f 477/614/423 428/564/373 453/590/399
f 428/564/373 477/614/423 452/589/398
f 478/615/424 429/566/375 454/591/400
f 429/566/375 478/615/424 453/590/399
f 479/616/425 430/567/376 455/592/401
f 430/567/376 479/616/425 454/591/400
f 480/617/426 451/588/397 476/613/422
f 451/588/397 480/617/426 455/592/401
f 481/618/427 452/589/398 477/614/423
f 452/589/398 481/618/427 456/593/402
f 482/619/428 456/593/402 481/618/427
f 456/593/402 482/619/428 457/594/403
f 483/620/429 457/594/403 482/619/428
f 457/594/403 483/620/429 458/595/404
f 483/620/429 459/596/405 458/595/404
f 459/596/405 483/620/429 484/621/430
f 484/621/430 460/597/406 459/596/405
f 460/597/406 484/621/430 485/622/431
f 485/622/431 461/598/407 460/597/406
f 461/598/407 485/622/431 486/623/432
f 486/623/432 462/599/408 461/598/407
f 462/599/408 486/623/432 487/624/433
f 487/624/433 463/600/409 462/599/408
f 463/600/409 487/624/433 488/625/434
f 465/602/411 489/626/435 464/601/410
f 489/626/435 465/602/411 463/600/409
f 489/626/435 463/600/409 490/627/436
f 490/627/436 463/600/409 488/625/434
f 464/601/410 491/628/437 466/603/412
f 491/628/437 464/601/410 489/626/435
f 466/603/412 492/629/438 467/604/413
f 492/629/438 466/603/412 491/628/437
f 467/604/413 493/630/439 468/605/414
f 493/630/439 467/604/413 492/629/438
f 468/605/414 494/631/440 469/606/415
f 494/631/440 468/605/414 493/630/439
f 469/606/415 495/632/441 470/607/416
f 495/632/441 469/606/415 494/631/440
f 471/608/417 495/632/441 496/633/442
f 495/632/441 471/608/417 470/607/416
f 447/584/393 496/633/442 472/609/418
f 496/633/442 447/584/393 471/608/417
f 448/585/394 497/634/443 473/610/419
f 497/634/443 448/585/394 472/609/418
f 449/586/395 498/635/444 474/611/420
f 498/635/444 449/586/395 473/610/419
f 450/587/396 499/636/445 475/612/421
f 499/636/445 450/587/396 474/611/420
f 476/613/422 500/637/446 501/638/447
f 500/637/446 476/613/422 475/612/421
f 502/639/448 453/590/399 478/615/424
f 453/590/399 502/639/448 477/614/423
f 503/640/449 454/591/400 479/616/425
f 454/591/400 503/640/449 478/615/424
f 504/641/450 455/592/401 480/617/426
f 455/592/401 504/641/450 479/616/425
f 505/642/451 476/613/422 501/638/447
f 476/613/422 505/642/451 480/617/426
f 506/643/452 477/614/423 502/639/448
f 477/614/423 506/643/452 481/618/427
f 507/644/453 481/618/427 506/643/452
f 481/618/427 507/644/453 482/619/428
f 508/645/454 482/619/428 507/644/453
f 482/619/428 508/645/454 483/620/429
f 508/645/454 484/621/430 483/620/429
f 484/621/430 508/645/454 509/646/455
f 509/646/455 485/622/431 484/621/430
f 485/622/431 509/646/455 510/647/456
f 510/647/456 486/623/432 485/622/431
f 486/623/432 510/647/456 511/648/457
f 511/648/457 487/624/433 486/623/432
f 487/624/433 511/648/457 512/649/458
f 512/649/458 488/625/434 487/624/433
f 488/625/434 512/649/458 513/650/459
f 490/627/436 515/651/460 489/626/435
f 515/651/460 490/627/436 488/625/434
f 515/651/460 488/625/434 514/652/461
f 514/652/461 488/625/434 513/650/459
f 489/626/435 516/653/462 491/628/437
f 516/653/462 489/626/435 515/651/460
f 491/628/437 517/654/463 492/629/438
f 517/654/463 491/628/437 516/653/462
f 492/629/438 518/655/464 493/630/439
f 518/655/464 492/629/438 517/654/463
f 493/630/439 519/656/465 494/631/440
f 519/656/465 493/630/439 518/655/464
f 494/631/440 520/657/466 495/632/441
f 520/657/466 494/631/440 519/656/465
f 496/633/442 520/657/466 521/658/467
f 520/657/466 496/633/442 495/632/441
f 472/609/418 521/658/467 497/634/443
f 521/658/467 472/609/418 496/633/442
f 473/610/419 522/659/468 498/635/444
f 522/659/468 473/610/419 497/634/443
f 474/611/420 523/660/469 499/636/445
f 523/660/469 474/611/420 498/635/444
f 475/612/421 524/661/470 500/637/446
f 524/661/470 475/612/421 499/636/445
f 501/638/447 526/662/471 525/663/472
f 526/662/471 501/638/447 500/637/446
f 527/664/473 478/615/424 503/640/449
f 478/615/424 527/664/473 502/639/448
f 528/665/474 479/616/425 504/641/450
f 479/616/425 528/665/474 503/640/449
f 529/666/475 480/617/426 505/642/451
f 530/667/476 501/638/447 525/663/472
f 501/638/447 530/667/476 505/642/451
f 531/668/477 502/639/448 527/664/473
f 502/639/448 531/668/477 506/643/452
f 532/669/478 506/643/452 531/668/477
f 506/643/452 532/669/478 507/644/453
f 533/670/479 507/644/453 532/669/478
f 507/644/453 533/670/479 508/645/454
f 533/670/479 509/646/455 508/645/454
f 509/646/455 533/670/479 534/671/480
f 534/671/480 510/647/456 509/646/455
f 510/647/456 534/671/480 535/672/481
f 535/672/481 511/648/457 510/647/456
f 511/648/457 535/672/481 536/673/482
f 536/673/482 512/649/458 511/648/457
f 512/649/458 536/673/482 537/674/483
f 537/674/483 513/650/459 512/649/458
f 513/650/459 537/674/483 538/675/484
f 514/652/461 539/676/485 515/651/460
f 539/676/485 514/652/461 513/650/459
f 539/676/485 513/650/459 540/677/486
f 540/677/486 513/650/459 538/675/484
f 515/651/460 541/678/487 516/653/462
f 541/678/487 515/651/460 539/676/485
f 516/653/462 542/679/488 517/654/463
f 542/679/488 516/653/462 541/678/487
f 517/654/463 543/680/489 518/655/464
f 543/680/489 517/654/463 542/679/488
f 518/655/464 544/681/490 519/656/465
f 544/681/490 518/655/464 543/680/489
f 519/656/465 545/682/491 520/657/466
f 545/682/491 519/656/465 544/681/490
f 521/658/467 545/682/491 546/683/492
f 545/682/491 521/658/467 520/657/466
f 497/634/443 546/683/492 522/659/468
f 546/683/492 497/634/443 521/658/467
f 498/635/444 547/684/493 523/660/469
f 547/684/493 498/635/444 522/659/468
f 499/636/445 548/685/494 524/661/470
f 548/685/494 499/636/445 523/660/469
f 500/637/446 549/686/495 526/662/471
f 549/686/495 500/637/446 524/661/470
f 525/663/472 551/687/496 550/688/497
f 551/687/496 525/663/472 526/662/471
f 552/689/498 503/640/449 528/665/474
f 503/640/449 552/689/498 527/664/473
f 553/690/499 504/641/450 529/666/475
f 504/641/450 553/690/499 528/665/474
f 554/691/500 505/642/451 530/667/476
f 505/642/451 554/691/500 529/666/475
f 555/692/501 525/663/472 550/688/497
f 525/663/472 555/692/501 530/667/476
f 556/693/502 527/664/473 552/689/498
f 527/664/473 556/693/502 531/668/477
f 557/694/503 531/668/477 556/693/502
f 531/668/477 557/694/503 532/669/478
f 558/695/504 532/669/478 557/694/503
f 532/669/478 558/695/504 533/670/479
f 558/695/504 534/671/480 533/670/479
f 534/671/480 558/695/504 559/696/505
f 559/696/505 535/672/481 534/671/480
f 535/672/481 559/696/505 560/697/506
f 560/697/506 536/673/482 535/672/481
f 536/673/482 560/697/506 561/698/507
f 561/698/507 537/674/483 536/673/482
f 537/674/483 561/698/507 562/699/508
f 562/699/508 538/675/484 537/674/483
f 538/675/484 562/699/508 563/700/509
f 540/677/486 564/701/510 539/676/485
f 564/701/510 540/677/486 538/675/484
f 564/701/510 538/675/484 565/702/511
f 565/702/511 538/675/484 563/700/509
f 539/676/485 566/703/512 541/678/487
f 566/703/512 539/676/485 564/701/510
f 541/678/487 567/704/513 542/679/488
f 567/704/513 541/678/487 566/703/512
f 542/679/488 568/705/514 543/680/489
f 568/705/514 542/679/488 567/704/513
f 543/680/489 569/706/515 544/681/490
f 569/706/515 543/680/489 568/705/514
f 545/682/491 569/706/515 570/707/516
f 569/706/515 545/682/491 544/681/490
f 546/683/492 570/707/516 571/708/517
f 570/707/516 546/683/492 545/682/491
f 522/659/468 571/708/517 547/684/493
f 571/708/517 522/659/468 546/683/492
f 523/660/469 572/709/518 548/685/494
f 572/709/518 523/660/469 547/684/493
f 524/661/470 573/710/519 549/686/495
f 573/710/519 524/661/470 548/685/494
f 526/662/471 574/711/520 551/687/496
f 574/711/520 526/662/471 549/686/495
f 550/688/497 575/201/146 576/219/160
f 575/201/146 550/688/497 551/687/496
f 577/712/521 528/665/474 553/690/499
f 528/665/474 577/712/521 552/689/498
f 578/713/522 529/666/475 554/691/500
f 529/666/475 578/713/522 553/690/499
f 579/714/523 530/667/476 555/692/501
f 530/667/476 579/714/523 554/691/500
f 156/235/174 550/688/497 576/219/160
f 550/688/497 156/235/174 555/692/501
f 580/715/524 552/689/498 577/712/521
f 552/689/498 580/715/524 556/693/502
f 581/716/525 556/693/502 580/715/524
f 556/693/502 581/716/525 557/694/503
f 582/717/526 557/694/503 581/716/525
f 557/694/503 582/717/526 558/695/504
f 582/717/526 559/696/505 558/695/504
f 559/696/505 582/717/526 583/718/527
f 583/718/527 560/697/506 559/696/505
f 560/697/506 583/718/527 584/719/528
f 584/719/528 561/698/507 560/697/506
f 561/698/507 584/719/528 585/720/529
f 585/720/529 562/699/508 561/698/507
f 562/699/508 585/720/529 586/721/530
f 586/721/530 563/700/509 562/699/508
f 563/700/509 586/721/530 587/722/531
f 565/702/511 589/723/532 564/701/510
f 589/723/532 565/702/511 563/700/509
f 589/723/532 563/700/509 588/724/533
f 588/724/533 563/700/509 587/722/531
f 564/701/510 590/725/534 566/703/512
f 590/725/534 564/701/510 589/723/532
f 566/703/512 591/726/535 567/704/513
f 591/726/535 566/703/512 590/725/534
f 567/704/513 592/727/536 568/705/514
f 592/727/536 567/704/513 591/726/535
f 568/705/514 593/728/537 569/706/515
f 593/728/537 568/705/514 592/727/536
f 569/706/515 594/729/538 570/707/516
f 594/729/538 569/706/515 593/728/537
f 571/708/517 594/729/538 595/730/539
f 594/729/538 571/708/517 570/707/516
f 547/684/493 595/730/539 572/709/518
f 595/730/539 547/684/493 571/708/517
f 548/685/494 596/731/540 573/710/519
f 596/731/540 548/685/494 572/709/518
f 549/686/495 597/732/541 574/711/520
f 597/732/541 549/686/495 573/710/519
f 551/687/496 598/183/132 575/201/146
f 598/183/132 551/687/496 574/711/520
f 599/733/542 553/690/499 578/713/522
f 553/690/499 599/733/542 577/712/521
f 600/734/543 554/691/500 579/714/523
f 554/691/500 600/734/543 578/713/522
f 601/252/189 555/692/501 156/235/174
f 555/692/501 601/252/189 579/714/523
f 602/735/544 577/712/521 599/733/542
f 577/712/521 602/735/544 580/715/524
f 603/736/545 580/715/524 602/735/544
f 580/715/524 603/736/545 581/716/525
f 604/737/546 581/716/525 603/736/545
f 581/716/525 604/737/546 582/717/526
f 604/737/546 583/718/527 582/717/526
f 583/718/527 604/737/546 605/738/547
f 605/738/547 584/719/528 583/718/527
f 584/719/528 605/738/547 606/739/548
f 606/739/548 585/720/529 584/719/528
f 585/720/529 606/739/548 607/740/549
f 607/740/549 586/721/530 585/720/529
f 586/721/530 607/740/549 608/741/550
f 608/741/550 587/722/531 586/721/530
f 587/722/531 608/741/550 609/742/551
f 588/724/533 611/743/552 589/723/532
f 611/743/552 588/724/533 587/722/531
f 611/743/552 587/722/531 610/744/553
f 610/744/553 587/722/531 609/742/551
f 589/723/532 612/745/554 590/725/534
f 612/745/554 589/723/532 611/743/552
f 590/725/534 613/746/555 591/726/535
f 613/746/555 590/725/534 612/745/554
f 591/726/535 614/747/556 592/727/536
f 614/747/556 591/726/535 613/746/555
f 592/727/536 615/748/557 593/728/537
f 615/748/557 592/727/536 614/747/556
f 593/728/537 616/749/558 594/729/538
f 616/749/558 593/728/537 615/748/557
f 595/730/539 616/749/558 617/750/559
f 616/749/558 595/730/539 594/729/538
f 572/709/518 617/750/559 596/731/540
f 617/750/559 572/709/518 595/730/539
f 573/710/519 618/751/560 597/732/541
f 618/751/560 573/710/519 596/731/540
f 574/711/520 110/166/118 598/183/132
f 110/166/118 574/711/520 597/732/541
f 619/752/561 578/713/522 600/734/543
f 578/713/522 619/752/561 599/733/542
f 179/268/201 579/714/523 601/252/189
f 579/714/523 179/268/201 600/734/543
f 620/753/562 599/733/542 619/752/561
f 599/733/542 620/753/562 602/735/544
f 621/754/563 602/735/544 620/753/562
f 602/735/544 621/754/563 603/736/545
f 622/755/564 603/736/545 621/754/563
f 603/736/545 622/755/564 604/737/546
f 622/755/564 605/738/547 604/737/546
f 605/738/547 622/755/564 623/756/565
f 623/756/565 606/739/548 605/738/547
f 607/740/549 624/757/566 625/758/567
f 625/758/567 608/741/550 607/740/549
f 608/741/550 625/758/567 626/759/568
f 626/759/568 609/742/551 608/741/550
f 609/742/551 626/759/568 627/760/569
f 610/744/553 628/761/570 611/743/552
f 628/761/570 610/744/553 609/742/551
f 628/761/570 609/742/551 629/762/571
f 629/762/571 609/742/551 627/760/569
f 611/743/552 630/763/572 612/745/554
f 630/763/572 611/743/552 628/761/570
f 612/745/554 631/764/573 613/746/555
f 631/764/573 612/745/554 630/763/572
f 613/746/555 632/765/574 614/747/556
f 632/765/574 613/746/555 631/764/573
f 614/747/556 633/766/575 615/748/557
f 633/766/575 614/747/556 632/765/574
f 615/748/557 634/767/576 616/749/558
f 634/767/576 615/748/557 633/766/575
f 617/750/559 634/767/576 635/768/577
f 634/767/576 617/750/559 616/749/558
f 596/731/540 635/768/577 618/751/560
f 635/768/577 596/731/540 617/750/559
f 597/732/541 99/146/104 110/166/118
f 99/146/104 597/732/541 618/751/560
f 636/280/209 600/734/543 179/268/201
f 600/734/543 636/280/209 619/752/561
f 191/286/214 619/752/561 636/280/209
f 619/752/561 191/286/214 620/753/562
f 194/289/217 620/753/562 191/286/214
f 620/753/562 194/289/217 621/754/563
f 637/290/218 621/754/563 194/289/217
f 621/754/563 637/290/218 622/755/564
f 637/290/218 623/756/565 622/755/564
f 623/756/565 637/290/218 192/287/215
f 192/287/215 624/757/566 623/756/565
f 624/757/566 192/287/215 187/281/210
f 187/281/210 625/758/567 624/757/566
f 625/758/567 187/281/210 180/269/202
f 180/269/202 626/759/568 625/758/567
f 626/759/568 180/269/202 638/253/190
f 638/253/190 627/760/569 626/759/568
f 627/760/569 638/253/190 157/237/176
f 629/762/571 639/220/161 628/761/570
f 639/220/161 629/762/571 627/760/569
f 639/220/161 627/760/569 158/236/175
f 158/236/175 627/760/569 157/237/176
f 628/761/570 133/202/147 630/763/572
f 133/202/147 628/761/570 639/220/161
f 630/763/572 122/184/133 631/764/573
f 122/184/133 630/763/572 133/202/147
f 631/764/573 111/167/119 632/765/574
f 111/167/119 631/764/573 122/184/133
f 632/765/574 640/147/105 633/766/575
f 640/147/105 632/765/574 111/167/119
f 633/766/575 641/131/91 634/767/576
f 641/131/91 633/766/575 640/147/105
f 635/768/577 641/131/91 642/130/90
f 641/131/91 635/768/577 634/767/576
f 618/751/560 642/130/90 99/146/104
f 642/130/90 618/751/560 635/768/577
s 0
f 978/1300/1017 989/1301/1017 1020/1302/1017
f 989/1301/1017 978/1300/1017 988/1303/1017
f 989/1301/1017 988/1303/1017 1018/1304/1017
f 1018/1304/1017 988/1303/1017 990/1305/1017
f 1018/1304/1017 990/1305/1017 1017/1306/1017
f 1017/1306/1017 990/1305/1017 991/1307/1017
f 1017/1306/1017 991/1307/1017 994/1308/1017
f 994/1308/1017 991/1307/1017 992/1309/1017
f 994/1308/1017 992/1309/1017 979/1310/1017
f 979/1310/1017 992/1309/1017 993/1311/1017
f 979/1310/1017 993/1311/1017 1021/1312/1017
f 1021/1312/1017 993/1311/1017 980/1313/1017
f 1021/1312/1017 980/1313/1017 987/1314/1017
f 987/1314/1017 980/1313/1017 1026/1315/1017
f 987/1314/1017 1026/1315/1017 1023/1316/1017
f 1023/1316/1017 1026/1315/1017 1028/1317/1017
f 1023/1316/1017 1028/1317/1017 1024/1318/1017
f 1024/1318/1017 1028/1317/1017 986/1319/1017
f 1024/1318/1017 986/1319/1017 985/1320/1017
f 985/1321/1017 984/1322/1017 981/1323/1017
f 981/1323/1017 984/1322/1017 982/1324/1017
f 981/1323/1017 982/1324/1017 983/1325/1017
f 983/1325/1017 982/1324/1017 1025/1326/1017
f 1007/483/1 1019/484/1 354/482/1
f 1019/484/1 1007/483/1 1037/1390/1
f 1019/484/1 1037/1390/1 1002/1391/1
f 1002/1391/1 1037/1390/1 343/1392/1
f 1002/1391/1 343/1392/1 1001/1393/1
f 1001/1393/1 343/1392/1 1036/1394/1
f 1001/1393/1 1036/1394/1 1035/1395/1
f 1035/1395/1 1034/1396/1 1029/1397/1
f 1029/1397/1 1034/1396/1 1030/1398/1
f 1030/1398/1 1034/1396/1 1014/1399/1
f 1030/1398/1 1014/1399/1 1015/1400/1
f 1030/1398/1 1015/1400/1 995/1401/1
f 995/1401/1 1015/1400/1 1010/1402/1
f 995/1401/1 1010/1402/1 1022/1403/1
f 1022/1403/1 1010/1402/1 1031/1404/1
f 1031/1404/1 1010/1402/1 1009/1405/1
f 1031/1404/1 1009/1405/1 1032/1406/1
f 1031/1404/1 1032/1406/1 1033/1407/1
f 1033/1407/1 1032/1406/1 358/1408/1
f 1033/1407/1 358/1408/1 369/1409/1
f 369/1409/1 358/1408/1 1027/1410/1
f 369/1409/1 1027/1410/1 352/1411/1
f 352/1411/1 1027/1410/1 1004/1412/1
f 1034/1413/579 1036/1414/579 1035/1415/579
s 1
f 1039/1416/1097 1038/1417/1098 974/1418/1099
f 1038/1417/1098 1039/1416/1097 1040/1419/1100
f 1041/1420/1101 974/1418/1099 1042/1421/1102
f 974/1418/1099 1041/1420/1101 1039/1416/1097
f 1044/1422/1103 1040/1419/1100 1039/1416/1097
f 1040/1419/1100 1044/1422/1103 1043/1423/1104
f 1040/1419/1100 977/1424/1105 1038/1417/1098
f 977/1424/1105 1040/1419/1100 1045/1425/1106
f 1046/1426/1107 1042/1421/1102 1047/1427/1108
f 1042/1421/1102 1046/1426/1107 1041/1420/1101
f 1048/1428/1109 1039/1416/1097 1041/1420/1101
f 1039/1416/1097 1048/1428/1109 1044/1422/1103
f 1044/1429/1103 1050/1430/1110 1043/1431/1104
f 1043/1423/1104 1045/1425/1106 1040/1419/1100
f 1045/1425/1106 1043/1423/1104 1051/1432/1111
f 1045/1425/1106 975/1433/1112 977/1424/1105
f 975/1433/1112 1045/1425/1106 1052/1434/1113
f 1053/1435/1114 1047/1427/1108 1187/1436/1115
f 1047/1427/1108 1053/1435/1114 1046/1426/1107
f 1054/1437/1116 1041/1420/1101 1046/1426/1107
f 1041/1420/1101 1054/1437/1116 1048/1428/1109
f 1048/1438/1109 1049/1439/1117 1044/1429/1103
f 1049/1439/1117 1048/1438/1109 1055/1440/1118
f 1049/1439/1117 1056/1441/1119 1050/1430/1110
f 1056/1441/1119 1049/1439/1117 1057/1442/1120
f 1043/1431/1104 1058/1443/1121 1051/1444/1111
f 1058/1443/1121 1043/1431/1104 1050/1430/1110
f 1060/1445/1122 1052/1446/1113 1061/1447/1123
f 1052/1446/1113 1060/1445/1122 975/1448/1112
f 1053/1449/1114 1188/1450/1124 1062/1451/1125
f 1188/1450/1124 1053/1449/1114 1187/1452/1115
f 1063/1453/1126 1046/1454/1107 1053/1455/1114
f 1046/1454/1107 1063/1453/1126 1054/1456/1116
f 1048/1438/1109 1064/1457/1127 1055/1440/1118
f 1064/1457/1127 1048/1438/1109 1054/1456/1116
f 1055/1440/1118 1057/1442/1120 1049/1439/1117
f 1057/1442/1120 1055/1440/1118 1065/1458/1128
f 1057/1442/1120 1066/1459/1129 1056/1441/1119
f 1066/1459/1129 1057/1442/1120 1067/1460/1130
f 1050/1430/1110 1068/1461/1131 1058/1443/1121
f 1068/1461/1131 1050/1430/1110 1056/1441/1119
f 1052/1446/1113 1070/1462/1132 1061/1447/1123
f 1070/1462/1132 1052/1446/1113 1059/1463/1133
f 1071/1464/1134 1061/1447/1123 1072/1465/1135
f 1061/1447/1123 1071/1464/1134 1060/1445/1122
f 1062/1451/1125 934/1466/1136 1073/1467/1137
f 934/1466/1136 1062/1451/1125 1188/1450/1124
f 1053/1455/1114 1074/1468/1138 1063/1453/1126
f 1074/1468/1138 1053/1455/1114 1062/1469/1125
f 1054/1456/1116 1075/1470/1139 1064/1457/1127
f 1075/1470/1139 1054/1456/1116 1063/1453/1126
f 1055/1440/1118 1076/1471/1140 1065/1458/1128
f 1076/1471/1140 1055/1440/1118 1064/1457/1127
f 1057/1442/1120 1077/1472/1141 1067/1460/1130
f 1077/1472/1141 1057/1442/1120 1065/1458/1128
f 1067/1460/1130 1078/1473/1142 1066/1459/1129
f 1078/1473/1142 1067/1460/1130 1079/1474/1143
f 1056/1441/1119 1080/1475/1144 1068/1461/1131
f 1080/1475/1144 1056/1441/1119 1066/1459/1129
f 1058/1443/1121 1081/1476/1145 1069/1477/1146
f 1081/1476/1145 1058/1443/1121 1068/1461/1131
f 1059/1478/1133 1082/1479/1147 1070/1480/1132
f 1082/1479/1147 1059/1478/1133 1069/1477/1146
f 1072/1465/1135 1070/1462/1132 1083/1481/1148
f 1070/1462/1132 1072/1465/1135 1061/1447/1123
f 1071/1464/1134 1084/1482/1149 958/1483/1150
f 1084/1482/1149 1071/1464/1134 1072/1465/1135
f 1073/1467/1137 1086/1484/1151 1085/1485/1152
f 1086/1484/1151 1073/1467/1137 934/1466/1136
f 1074/1468/1138 1073/1486/1137 1087/1487/1153
f 1073/1486/1137 1074/1468/1138 1062/1469/1125
f 1063/1453/1126 1088/1488/1154 1075/1470/1139
f 1088/1488/1154 1063/1453/1126 1074/1468/1138
f 1089/1489/1155 1064/1457/1127 1075/1470/1139
f 1065/1458/1128 1090/1490/1156 1077/1472/1141
f 1090/1490/1156 1065/1458/1128 1076/1471/1140
f 1077/1472/1141 1079/1474/1143 1067/1460/1130
f 1079/1474/1143 1077/1472/1141 1091/1491/1157
f 1078/1473/1142 1092/1492/1158 1093/1493/1159
f 1092/1492/1158 1078/1473/1142 1079/1474/1143
f 1066/1459/1129 1094/1494/1160 1080/1475/1144
f 1094/1494/1160 1066/1459/1129 1078/1473/1142
f 1068/1461/1131 1095/1495/1161 1081/1476/1145
f 1095/1495/1161 1068/1461/1131 1080/1475/1144
f 1069/1477/1146 1096/1496/1162 1082/1479/1147
f 1096/1496/1162 1069/1477/1146 1081/1476/1145
f 1070/1462/1132 1097/1497/1163 1083/1481/1148
f 1097/1497/1163 1070/1462/1132 1082/1498/1147
f 1072/1465/1135 1098/1499/1164 1084/1482/1149
f 1098/1499/1164 1072/1465/1135 1083/1481/1148
f 1185/1500/1165 1100/1501/1166 947/1502/1167
f 1100/1501/1166 1185/1500/1165 1099/1503/1168
f 1099/1503/1168 1185/1500/1165 958/1483/1150
f 1099/1503/1168 958/1483/1150 1084/1482/1149
f 1104/1504/1169 1102/1505/1170 1103/1506/1171
f 1102/1505/1170 1104/1504/1169 1101/1507/1172
f 1102/1505/1170 1101/1507/1172 1086/1484/1151
f 1086/1484/1151 1101/1507/1172 1085/1485/1152
f 1087/1487/1153 1085/1508/1152 1105/1509/1173
f 1085/1508/1152 1087/1487/1153 1073/1486/1137
f 1074/1468/1138 1106/1510/1174 1088/1488/1154
f 1106/1510/1174 1074/1468/1138 1087/1487/1153
f 1075/1470/1139 1107/1511/1175 1089/1489/1155
f 1107/1511/1175 1075/1470/1139 1088/1488/1154
f 1076/1471/1140 1108/1512/1176 1090/1490/1156
f 1077/1472/1141 1109/1513/1177 1091/1491/1157
f 1109/1513/1177 1077/1472/1141 1090/1490/1156
f 1079/1474/1143 1110/1514/1178 1092/1492/1158
f 1110/1514/1178 1079/1474/1143 1091/1491/1157
f 1094/1494/1160 1093/1493/1159 1111/1515/1179
f 1093/1493/1159 1094/1494/1160 1078/1473/1142
f 1093/1493/1159 1113/1516/1180 1112/1517/1181
f 1113/1516/1180 1093/1493/1159 1092/1492/1158
f 1080/1475/1144 1114/1518/1182 1095/1495/1161
f 1114/1518/1182 1080/1475/1144 1094/1494/1160
f 1081/1476/1145 1115/1519/1183 1096/1496/1162
f 1115/1519/1183 1081/1476/1145 1095/1495/1161
f 1082/1479/1147 1116/1520/1184 1097/1521/1163
f 1116/1520/1184 1082/1479/1147 1096/1496/1162
f 1083/1481/1148 1117/1522/1185 1098/1499/1164
f 1117/1522/1185 1083/1481/1148 1097/1497/1163
f 1099/1503/1168 1118/1523/1186 1100/1501/1166
f 1118/1523/1186 1099/1503/1168 1119/1524/1187
f 1119/1524/1187 1099/1503/1168 1084/1482/1149
f 1119/1524/1187 1084/1482/1149 1098/1499/1164
f 947/1502/1167 1120/1525/1188 1192/1526/1189
f 1120/1525/1188 947/1502/1167 1100/1501/1166
f 1121/1527/1190 1101/1528/1172 1104/1529/1169
f 1101/1528/1172 1121/1527/1190 1122/1530/1191
f 1101/1528/1172 1122/1530/1191 1085/1508/1152
f 1085/1508/1152 1122/1530/1191 1105/1509/1173
f 1123/1531/1192 1103/1506/1171 1189/1532/1193
f 1103/1506/1171 1123/1531/1192 1104/1504/1169
f 1087/1487/1153 1124/1533/1194 1106/1510/1174
f 1124/1533/1194 1087/1487/1153 1105/1509/1173
f 1088/1488/1154 1125/1534/1195 1107/1511/1175
f 1125/1534/1195 1088/1488/1154 1106/1510/1174
f 1089/1489/1155 1126/1535/1196 1108/1512/1176
f 1126/1535/1196 1089/1489/1155 1107/1511/1175
f 1090/1490/1156 1127/1536/1197 1109/1513/1177
f 1127/1536/1197 1090/1490/1156 1108/1512/1176
f 1109/1513/1177 1110/1514/1178 1091/1491/1157
f 1110/1514/1178 1109/1513/1177 1128/1537/1198
f 1110/1514/1178 1113/1516/1180 1092/1492/1158
f 1113/1516/1180 1110/1514/1178 1129/1538/1199
f 1114/1518/1182 1111/1515/1179 1130/1539/1200
f 1111/1515/1179 1114/1518/1182 1094/1494/1160
f 1111/1515/1179 1112/1517/1181 1131/1540/1201
f 1112/1517/1181 1111/1515/1179 1093/1493/1159
f 1112/1517/1181 1132/1541/1202 1133/1542/1203
f 1132/1541/1202 1112/1517/1181 1113/1516/1180
f 1095/1495/1161 1134/1543/1204 1115/1519/1183
f 1134/1543/1204 1095/1495/1161 1114/1518/1182
f 1096/1496/1162 1135/1544/1205 1116/1520/1184
f 1135/1544/1205 1096/1496/1162 1115/1519/1183
f 1097/1521/1163 1136/1545/1206 1117/1546/1185
f 1136/1545/1206 1097/1521/1163 1116/1520/1184
f 1119/1524/1187 1117/1522/1185 1118/1523/1186
f 1118/1523/1186 1117/1522/1185 1137/1547/1207
f 1137/1548/1207 1117/1549/1185 1138/1550/1208
f 1100/1501/1166 1139/1551/1209 1120/1525/1188
f 1139/1551/1209 1100/1501/1166 1118/1523/1186
f 1192/1526/1189 1140/1552/1210 919/1553/1211
f 1140/1552/1210 1192/1526/1189 1120/1525/1188
f 1141/1554/1212 1121/1527/1190 1142/1555/1213
f 1121/1527/1190 1141/1554/1212 1124/1533/1194
f 1121/1527/1190 1124/1533/1194 1105/1509/1173
f 1121/1556/1190 1105/1549/1173 1122/1557/1191
f 1143/1558/1214 1104/1529/1169 1123/1559/1192
f 1104/1529/1169 1143/1558/1214 1121/1527/1190
f 1144/1560/1215 1189/1561/1193 860/1562/1216
f 1189/1561/1193 1144/1560/1215 1123/1563/1192
f 1106/1510/1174 1145/1564/1217 1125/1534/1195
f 1145/1564/1217 1106/1510/1174 1124/1533/1194
f 1107/1511/1175 1146/1565/1218 1126/1535/1196
f 1146/1565/1218 1107/1511/1175 1125/1534/1195
f 1108/1512/1176 1147/1566/1219 1127/1536/1197
f 1147/1566/1219 1108/1512/1176 1126/1535/1196
f 1127/1536/1197 1128/1537/1198 1109/1513/1177
f 1128/1537/1198 1127/1536/1197 1148/1567/1220
f 1128/1537/1198 1129/1538/1199 1110/1514/1178
f 1129/1538/1199 1128/1537/1198 1149/1568/1221
f 1129/1538/1199 1132/1541/1202 1113/1516/1180
f 1132/1541/1202 1129/1538/1199 1150/1569/1222
f 1134/1543/1204 1130/1539/1200 1151/1570/1223
f 1130/1539/1200 1134/1543/1204 1114/1518/1182
f 1130/1539/1200 1131/1540/1201 1152/1571/1224
f 1131/1540/1201 1130/1539/1200 1111/1515/1179
f 1131/1540/1201 1133/1542/1203 1153/1572/1225
f 1133/1542/1203 1131/1540/1201 1112/1517/1181
f 1133/1573/1203 1155/1574/1226 1154/1575/1227
f 1155/1574/1226 1133/1573/1203 1132/1576/1202
f 1134/1543/1204 1135/1544/1205 1115/1519/1183
f 1116/1520/1184 1156/1577/1228 1136/1545/1206
f 1156/1577/1228 1116/1520/1184 1135/1544/1205
f 1136/1545/1206 1138/1578/1208 1117/1546/1185
f 1138/1578/1208 1136/1545/1206 1137/1579/1207
f 1137/1579/1207 1136/1545/1206 1157/1580/1229
f 1137/1579/1207 1157/1580/1229 1158/1581/1230
f 1137/1547/1207 1139/1551/1209 1118/1523/1186
f 1139/1551/1209 1137/1547/1207 1159/1582/1231
f 1139/1551/1209 1140/1552/1210 1120/1525/1188
f 1140/1552/1210 1139/1551/1209 1160/1583/1232
f 1140/1584/1210 1186/1585/1233 919/1586/1211
f 1186/1585/1233 1140/1584/1210 1161/1587/1234
f 1142/1555/1213 1143/1558/1214 1162/1588/1235
f 1143/1558/1214 1142/1555/1213 1121/1527/1190
f 1163/1589/1236 1142/1555/1213 1164/1590/1237
f 1142/1555/1213 1163/1589/1236 1145/1564/1217
f 1142/1555/1213 1145/1564/1217 1124/1533/1194
f 1142/1591/1213 1124/1592/1194 1141/1593/1212
f 1143/1558/1214 1144/1594/1215 1165/1595/1238
f 1144/1594/1215 1143/1558/1214 1123/1559/1192
f 1166/1596/1239 860/1562/1216 1190/1597/1240
f 860/1562/1216 1166/1596/1239 1144/1560/1215
f 1125/1534/1195 1167/1598/1241 1146/1565/1218
f 1167/1598/1241 1125/1534/1195 1145/1564/1217
f 1146/1565/1218 1147/1566/1219 1126/1535/1196
f 1147/1566/1219 1148/1567/1220 1127/1536/1197
f 1148/1567/1220 1147/1566/1219 1168/1599/1242
f 1148/1567/1220 1149/1568/1221 1128/1537/1198
f 1149/1568/1221 1148/1567/1220 1169/1600/1243
f 1149/1568/1221 1150/1569/1222 1129/1538/1199
f 1150/1569/1222 1149/1568/1221 1170/1601/1244
f 1150/1602/1222 1155/1574/1226 1132/1576/1202
f 1155/1574/1226 1150/1602/1222 1171/1603/1245
f 1134/1543/1204 1151/1570/1223 1172/1604/1246
f 1151/1570/1223 1152/1571/1224 1173/1605/1247
f 1152/1571/1224 1151/1570/1223 1130/1539/1200
f 1152/1571/1224 1153/1572/1225 1174/1606/1248
f 1153/1572/1225 1152/1571/1224 1131/1540/1201
f 1153/1607/1225 1154/1575/1227 1175/1608/1249
f 1154/1575/1227 1153/1607/1225 1133/1573/1203
f 1154/1575/1227 1177/1609/1250 1176/1610/1251
f 1177/1609/1250 1154/1575/1227 1155/1574/1226
f 1134/1543/1204 1156/1577/1228 1135/1544/1205
f 1156/1577/1228 1157/1580/1229 1136/1545/1206
f 1157/1580/1229 1156/1577/1228 1158/1581/1230
f 1158/1581/1230 1156/1577/1228 1178/1611/1252
f 1158/1581/1230 1178/1611/1252 1172/1604/1246
f 1158/1581/1230 1159/1612/1231 1137/1579/1207
f 1159/1612/1231 1158/1581/1230 1173/1605/1247
f 1159/1582/1231 1160/1583/1232 1139/1551/1209
f 1160/1583/1232 1159/1582/1231 1174/1613/1248
f 1160/1614/1232 1161/1587/1234 1140/1584/1210
f 1161/1587/1234 1160/1614/1232 1175/1608/1249
f 1161/1587/1234 883/1615/1253 1186/1585/1233
f 883/1615/1253 1161/1587/1234 1176/1610/1251
f 1162/1588/1235 1165/1595/1238 1179/1616/1254
f 1165/1595/1238 1162/1588/1235 1143/1558/1214
f 1164/1590/1237 1162/1588/1235 1180/1617/1255
f 1162/1588/1235 1164/1590/1237 1142/1555/1213
f 1182/1618/1256 1164/1590/1237 1181/1619/1257
f 1164/1590/1237 1182/1618/1256 1167/1598/1241
f 1164/1590/1237 1167/1598/1241 1163/1589/1236
f 1163/1589/1236 1167/1598/1241 1145/1564/1217
f 1183/1620/1258 1144/1560/1215 1166/1596/1239
f 1144/1560/1215 1183/1620/1258 1165/1621/1238
f 1184/1622/1259 1190/1597/1240 1191/1623/1260
f 1190/1597/1240 1184/1622/1259 1166/1596/1239
f 1167/1598/1241 1147/1566/1219 1146/1565/1218
f 1181/1619/1257 1168/1599/1242 1147/1566/1219
f 1168/1599/1242 1169/1600/1243 1148/1567/1220
f 1169/1600/1243 1168/1599/1242 1180/1617/1255
f 1169/1600/1243 1170/1601/1244 1149/1568/1221
f 1170/1601/1244 1169/1600/1243 1179/1616/1254
f 1170/1601/1244 1171/1624/1245 1150/1569/1222
f 1171/1624/1245 1170/1601/1244 1183/1625/1258
f 1155/1574/1226 1184/1622/1259 1177/1609/1250
f 1184/1622/1259 1155/1574/1226 1171/1603/1245
f 1172/1604/1246 1173/1605/1247 1158/1581/1230
f 1173/1605/1247 1172/1604/1246 1151/1570/1223
f 1134/1543/1204 1178/1611/1252 1156/1577/1228
f 1178/1611/1252 1134/1543/1204 1172/1604/1246
f 1173/1605/1247 1174/1606/1248 1159/1612/1231
f 1174/1606/1248 1173/1605/1247 1152/1571/1224
f 1174/1626/1248 1175/1608/1249 1160/1614/1232
f 1175/1608/1249 1174/1626/1248 1153/1607/1225
f 1175/1608/1249 1176/1610/1251 1161/1587/1234
f 1176/1610/1251 1175/1608/1249 1154/1575/1227
f 1176/1610/1251 861/1627/1261 883/1615/1253
f 861/1627/1261 1176/1610/1251 1177/1609/1250
f 1179/1616/1254 1183/1625/1258 1170/1601/1244
f 1183/1625/1258 1179/1616/1254 1165/1595/1238
f 1180/1617/1255 1179/1616/1254 1169/1600/1243
f 1179/1616/1254 1180/1617/1255 1162/1588/1235
f 1181/1619/1257 1180/1617/1255 1168/1599/1242
f 1180/1617/1255 1181/1619/1257 1164/1590/1237
f 1167/1598/1241 1181/1619/1257 1147/1566/1219
f 1181/1628/1257 1167/1629/1241 1182/1630/1256
f 1171/1603/1245 1166/1596/1239 1184/1622/1259
f 1166/1596/1239 1171/1603/1245 1183/1620/1258
f 1177/1609/1250 1191/1623/1260 861/1627/1261
f 1191/1623/1260 1177/1609/1250 1184/1622/1259
s 0
f 1185/1649/1278 1071/1650/1278 958/1651/1278
f 1071/1650/1278 1185/1649/1278 947/1652/1278
f 1071/1650/1278 947/1652/1278 1060/1653/1278
f 1060/1653/1278 947/1652/1278 1192/1654/1278
f 1060/1653/1278 1192/1654/1278 919/1655/1278
f 1060/1653/1278 919/1655/1278 975/1656/1278
f 975/1656/1278 919/1655/1278 1186/1657/1278
f 975/1656/1278 1186/1657/1278 977/1658/1278
f 977/1658/1278 1186/1657/1278 883/1659/1278
f 977/1658/1278 883/1659/1278 1038/1660/1278
f 1038/1660/1278 883/1659/1278 974/1661/1278
f 974/1661/1278 883/1659/1278 861/1662/1278
f 974/1661/1278 861/1662/1278 1191/1663/1278
f 974/1661/1278 1191/1663/1278 1042/1664/1278
f 1042/1664/1278 1191/1663/1278 1190/1665/1278
f 1042/1664/1278 1190/1665/1278 1047/1666/1278
f 1047/1666/1278 1190/1665/1278 860/1667/1278
f 1047/1666/1278 860/1667/1278 1187/1668/1278
f 1187/1668/1278 860/1667/1278 1189/1669/1278
f 1187/1668/1278 1189/1669/1278 1188/1670/1278
f 1188/1670/1278 1189/1669/1278 1103/1671/1278
f 1188/1670/1278 1103/1671/1278 934/1672/1278
f 934/1672/1278 1103/1671/1278 1086/1673/1278
f 1086/1673/1279 1103/1671/1280 1102/1674/1281
s 1
f 1257/483/579 1243/495/581 1226/480/580
f 1257/483/579 1273/1390/579 1243/495/581
f 1273/1390/579 1227/1392/579 1243/495/581
f 1227/1392/579 1272/1394/579 1243/495/581
f 1272/1394/579 1270/1396/579 1243/495/581
f 1270/1396/579 1242/496/1282 1243/495/581
f 1270/1396/579 1260/1399/579 1242/496/1282
f 1260/1399/579 1261/1400/579 1242/496/1282
f 1261/1400/579 1259/1402/579 1242/496/1282
f 1259/1402/579 1258/1405/579 1242/496/1282
f 1258/1405/579 1244/498/1283 1242/496/1282
f 1258/1405/579 1268/1406/579 1244/498/1283
f 1268/1406/579 1241/1408/579 1244/498/1283
f 1241/1408/579 1264/1410/579 1244/498/1283
f 1264/1410/579 1256/1412/579 1244/498/1283
f 1256/1412/579 1250/531/1284 1244/498/1283
f 1250/531/1284 1249/529/1285 1244/498/1283
f 1249/529/1285 1245/500/1286 1244/498/1283
f 1249/529/1285 1228/502/1287 1245/500/1286
f 1249/529/1285 1229/528/1288 1228/502/1287
f 1229/528/1288 1239/504/1289 1228/502/1287
f 1229/528/1288 1240/526/584 1239/504/1289
f 1240/526/584 1230/524/1290 1239/504/1289
f 1230/524/1290 1238/505/1291 1239/504/1289
f 1230/524/1290 1231/522/1292 1238/505/1291
f 1231/522/1292 1232/507/1293 1238/505/1291
f 1231/522/1292 1233/520/1294 1232/507/1293
f 1233/520/1294 1246/509/1295 1232/507/1293
f 1233/520/1294 1247/511/1296 1246/509/1295
f 1233/520/1294 1234/517/1297 1247/511/1296
f 1234/517/1297 1235/515/1298 1247/511/1296
f 1235/515/1298 1248/513/1299 1247/511/1296
f 1225/473/1300 1237/485/1301 1262/484/579
f 1237/485/1301 1255/1391/579 1262/484/579
f 1237/485/1301 1254/1393/579 1255/1391/579
f 1237/485/1301 1271/1395/579 1254/1393/579
f 1237/485/1301 1265/1397/579 1271/1395/579
f 1237/485/1301 1251/533/1302 1265/1397/579
f 1251/533/1302 1266/1398/579 1265/1397/579
f 1251/533/1302 1253/1401/579 1266/1398/579
f 1251/533/1302 1263/1403/579 1253/1401/579
f 1251/533/1302 1267/1404/579 1263/1403/579
f 1251/533/1302 1250/531/1284 1267/1404/579
f 1250/531/1284 1269/1407/579 1267/1404/579
f 1250/531/1284 1252/1409/579 1269/1407/579
f 1250/531/1284 1236/1411/579 1252/1409/579
f 1250/531/1284 1256/1412/579 1236/1411/579
usemtl Stone_Granite_PinotNoir1
f 60/25/2 316/26/3 321/27/4
f 316/26/3 60/25/2 24/28/5
f 24/28/5 307/29/6 316/26/3
f 307/29/6 24/28/5 25/30/7
f 69/31/8 321/27/4 325/32/9
f 321/27/4 69/31/8 60/25/2
f 25/33/7 296/34/10 307/35/6
f 296/34/10 25/33/7 73/36/11
f 81/37/12 325/32/9 26/38/13
f 325/32/9 81/37/12 69/31/8
f 28/39/14 296/34/10 73/36/11
f 296/34/10 28/39/14 27/40/15
f 92/41/16 26/38/13 326/42/17
f 26/38/13 92/41/16 81/37/12
f 96/43/18 27/40/15 28/39/14
f 27/40/15 96/43/18 29/44/19
f 323/45/20 92/41/16 326/42/17
f 92/41/16 323/45/20 30/46/21
f 32/47/22 29/44/19 96/43/18
f 29/44/19 32/47/22 31/48/23
f 34/49/24 30/50/21 323/51/20
f 30/50/21 34/49/24 33/52/25
f 35/53/26 31/48/23 32/47/22
f 31/48/23 35/53/26 36/54/27
f 312/55/28 33/52/25 34/49/24
f 33/52/25 312/55/28 37/56/29
f 39/57/30 36/54/27 35/53/26
f 36/54/27 39/57/30 38/58/31
f 40/59/32 37/56/29 312/55/28
f 37/56/29 40/59/32 41/60/33
f 142/61/34 38/62/31 39/63/30
f 38/62/31 142/61/34 42/64/35
f 290/65/36 41/60/33 40/59/32
f 41/60/33 290/65/36 150/66/37
f 142/61/34 43/67/38 42/64/35
f 43/67/38 142/61/34 44/68/39
f 46/69/40 150/66/37 290/65/36
f 150/66/37 46/69/40 45/70/41
f 44/68/39 47/71/42 43/67/38
f 47/71/42 44/68/39 48/72/43
f 174/73/44 46/69/40 269/74/45
f 46/69/40 174/73/44 45/70/41
f 48/72/43 248/75/46 47/71/42
f 248/75/46 48/72/43 176/76/47
f 184/77/48 269/78/45 49/79/49
f 269/78/45 184/77/48 174/80/44
f 176/76/47 49/79/49 248/75/46
f 49/79/49 176/76/47 184/77/48
usemtl Stone_Moss1
f 51/81/50 53/82/51 52/83/52
f 53/82/51 51/81/50 50/84/53
f 54/85/54 52/83/52 55/86/55
f 52/83/52 54/85/54 51/81/50
f 56/87/56 50/84/53 51/81/50
f 50/84/53 56/87/56 57/88/57
f 50/84/53 59/89/58 53/82/51
f 59/89/58 50/84/53 58/90/59
f 52/83/52 60/91/60 24/92/61
f 60/91/60 52/83/52 53/82/51
f 61/93/62 55/94/55 62/95/63
f 55/94/55 61/93/62 54/96/54
f 63/97/64 51/81/50 54/85/54
f 51/81/50 63/97/64 56/87/56
f 55/86/55 24/92/61 25/98/65
f 24/92/61 55/86/55 52/83/52
f 65/99/66 57/100/57 56/101/56
f 57/100/57 65/99/66 64/102/67
f 57/88/57 58/90/59 50/84/53
f 58/90/59 57/88/57 66/103/68
f 58/90/59 68/104/69 59/89/58
f 68/104/69 58/90/59 67/105/70
f 53/82/51 69/106/71 60/91/60
f 69/106/71 53/82/51 59/89/58
f 71/107/72 61/93/62 62/95/63
f 61/93/62 71/107/72 70/108/73
f 72/109/74 54/96/54 61/93/62
f 54/96/54 72/109/74 63/110/64
f 62/95/63 25/111/65 73/112/75
f 25/111/65 62/95/63 55/94/55
f 74/113/76 56/101/56 63/114/64
f 56/101/56 74/113/76 65/99/66
f 75/115/77 64/102/67 65/99/66
f 64/102/67 75/115/77 76/116/78
f 77/117/79 57/100/57 64/102/67
f 57/100/57 77/117/79 66/118/68
f 66/103/68 67/105/70 58/90/59
f 67/105/70 66/103/68 78/119/80
f 67/105/70 79/120/81 68/104/69
f 79/120/81 67/105/70 80/121/82
f 59/89/58 81/122/83 69/106/71
f 81/122/83 59/89/58 68/104/69
f 82/123/84 70/108/73 71/107/72
f 70/108/73 82/123/84 83/124/85
f 70/108/73 72/109/74 61/93/62
f 72/109/74 70/108/73 84/125/86
f 28/126/87 62/95/63 73/112/75
f 62/95/63 28/126/87 71/107/72
f 85/127/88 63/114/64 72/128/74
f 63/114/64 85/127/88 74/113/76
f 86/129/89 65/99/66 74/113/76
f 65/99/66 86/129/89 75/115/77
f 642/130/90 76/116/78 75/115/77
f 76/116/78 642/130/90 641/131/91
f 87/132/92 64/102/67 76/116/78
f 64/102/67 87/132/92 77/117/79
f 88/133/93 66/118/68 77/117/79
f 66/118/68 88/133/93 78/134/80
f 78/119/80 80/121/82 67/105/70
f 80/121/82 78/119/80 89/135/94
f 80/121/82 90/136/95 79/120/81
f 90/136/95 80/121/82 91/137/96
f 68/104/69 92/138/97 81/122/83
f 92/138/97 68/104/69 79/120/81
f 93/139/98 83/124/85 82/123/84
f 83/124/85 93/139/98 94/140/99
f 83/124/85 84/125/86 70/108/73
f 84/125/86 83/124/85 95/141/100
f 96/142/101 71/107/72 28/126/87
f 71/107/72 96/142/101 82/123/84
f 97/143/102 72/128/74 84/144/86
f 72/128/74 97/143/102 85/127/88
f 98/145/103 74/113/76 85/127/88
f 74/113/76 98/145/103 86/129/89
f 99/146/104 75/115/77 86/129/89
f 75/115/77 99/146/104 642/130/90
f 641/131/91 87/132/92 76/116/78
f 87/132/92 641/131/91 640/147/105
f 100/148/106 77/117/79 87/132/92
f 77/117/79 100/148/106 88/133/93
f 101/149/107 78/134/80 88/133/93
f 78/134/80 101/149/107 89/150/94
f 89/150/94 91/151/96 80/152/82
f 91/151/96 89/150/94 102/153/108
f 91/154/96 104/155/109 90/156/95
f 104/155/109 91/154/96 103/157/110
f 79/120/81 30/158/111 92/138/97
f 30/158/111 79/120/81 90/136/95
f 105/159/112 94/140/99 93/139/98
f 94/140/99 105/159/112 106/160/113
f 94/140/99 95/141/100 83/124/85
f 95/141/100 94/140/99 107/161/114
f 32/162/115 82/123/84 96/142/101
f 82/123/84 32/162/115 93/139/98
f 108/163/116 84/144/86 95/164/100
f 84/144/86 108/163/116 97/143/102
f 109/165/117 85/127/88 97/143/102
f 85/127/88 109/165/117 98/145/103
f 110/166/118 86/129/89 98/145/103
f 86/129/89 110/166/118 99/146/104
f 111/167/119 87/132/92 640/147/105
f 87/132/92 111/167/119 100/148/106
f 112/168/120 88/133/93 100/148/106
f 88/133/93 112/168/120 101/149/107
f 113/169/121 89/150/94 101/149/107
f 89/150/94 113/169/121 102/153/108
f 102/170/108 103/157/110 91/154/96
f 103/157/110 102/170/108 114/171/122
f 103/157/110 116/172/123 104/155/109
f 116/172/123 103/157/110 115/173/124
f 90/156/95 33/174/125 30/175/111
f 33/174/125 90/156/95 104/155/109
f 105/159/112 117/176/126 106/160/113
f 117/176/126 105/159/112 118/177/127
f 106/160/113 107/161/114 94/140/99
f 107/161/114 106/160/113 119/178/128
f 35/179/129 93/139/98 32/162/115
f 93/139/98 35/179/129 105/159/112
f 120/180/130 95/164/100 107/181/114
f 95/164/100 120/180/130 108/163/116
f 121/182/131 97/143/102 108/163/116
f 97/143/102 121/182/131 109/165/117
f 598/183/132 98/145/103 109/165/117
f 98/145/103 598/183/132 110/166/118
f 122/184/133 100/148/106 111/167/119
f 100/148/106 122/184/133 112/168/120
f 123/185/134 101/149/107 112/168/120
f 101/149/107 123/185/134 113/169/121
f 124/186/135 102/153/108 113/169/121
f 102/153/108 124/186/135 114/187/122
f 114/171/122 115/173/124 103/157/110
f 115/173/124 114/171/122 125/188/136
f 127/189/137 116/172/123 115/173/124
f 116/172/123 127/189/137 126/190/138
f 104/155/109 37/191/139 33/174/125
f 37/191/139 104/155/109 116/172/123
f 118/192/127 128/193/140 117/194/126
f 128/193/140 118/192/127 129/195/141
f 106/160/113 130/196/142 119/178/128
f 130/196/142 106/160/113 117/176/126
f 35/179/129 118/177/127 105/159/112
f 118/177/127 35/179/129 39/197/143
f 119/198/128 120/180/130 107/181/114
f 120/180/130 119/198/128 131/199/144
f 132/200/145 108/163/116 120/180/130
f 108/163/116 132/200/145 121/182/131
f 575/201/146 109/165/117 121/182/131
f 109/165/117 575/201/146 598/183/132
f 133/202/147 112/168/120 122/184/133
f 112/168/120 133/202/147 123/185/134
f 134/203/148 113/169/121 123/185/134
f 113/169/121 134/203/148 124/186/135
f 135/204/149 114/187/122 124/186/135
f 114/187/122 135/204/149 125/205/136
f 136/206/150 115/173/124 125/188/136
f 115/173/124 136/206/150 127/189/137
f 137/207/151 126/190/138 127/189/137
f 126/190/138 137/207/151 138/208/152
f 126/190/138 37/191/139 116/172/123
f 37/191/139 126/190/138 41/209/153
f 140/210/154 129/195/141 139/211/155
f 129/195/141 140/210/154 128/193/140
f 117/194/126 141/212/156 130/213/142
f 141/212/156 117/194/126 128/193/140
f 39/214/143 129/195/141 118/192/127
f 129/195/141 39/214/143 142/215/157
f 130/216/142 131/199/144 119/198/128
f 131/199/144 130/216/142 143/217/158
f 131/199/144 132/200/145 120/180/130
f 132/200/145 131/199/144 144/218/159
f 576/219/160 121/182/131 132/200/145
f 121/182/131 576/219/160 575/201/146
f 639/220/161 123/185/134 133/202/147
f 123/185/134 639/220/161 134/203/148
f 145/221/162 124/186/135 134/203/148
f 124/186/135 145/221/162 135/204/149
f 136/222/150 135/204/149 146/223/163
f 135/204/149 136/222/150 125/205/136
f 147/224/164 127/189/137 136/206/150
f 127/189/137 147/224/164 137/207/151
f 149/225/165 138/208/152 137/207/151
f 138/208/152 149/225/165 148/226/166
f 138/208/152 41/209/153 126/190/138
f 41/209/153 138/208/152 150/227/167
f 151/228/168 139/211/155 152/229/169
f 139/211/155 151/228/168 140/210/154
f 153/230/170 128/193/140 140/210/154
f 128/193/140 153/230/170 141/212/156
f 139/211/155 142/215/157 44/231/171
f 142/215/157 139/211/155 129/195/141
f 141/232/156 143/217/158 130/216/142
f 143/217/158 141/232/156 154/233/172
f 143/217/158 144/218/159 131/199/144
f 144/218/159 143/217/158 155/234/173
f 144/218/159 576/219/160 132/200/145
f 576/219/160 144/218/159 156/235/174
f 158/236/175 134/203/148 639/220/161
f 134/203/148 158/236/175 157/237/176
f 134/203/148 157/237/176 145/221/162
f 146/223/163 145/221/162 159/238/177
f 145/221/162 146/223/163 135/204/149
f 147/239/164 146/223/163 160/240/178
f 146/223/163 147/239/164 136/222/150
f 161/241/179 137/207/151 147/224/164
f 137/207/151 161/241/179 149/225/165
f 149/225/165 163/242/180 148/226/166
f 163/242/180 149/225/165 162/243/181
f 148/226/166 150/227/167 138/208/152
f 150/227/167 148/226/166 45/244/182
f 165/245/183 152/229/169 164/246/184
f 152/229/169 165/245/183 151/228/168
f 166/247/185 140/210/154 151/228/168
f 140/210/154 166/247/185 153/230/170
f 152/229/169 44/231/171 48/248/186
f 44/231/171 152/229/169 139/211/155
f 153/249/170 154/233/172 141/232/156
f 154/233/172 153/249/170 167/250/187
f 154/233/172 155/234/173 143/217/158
f 155/234/173 154/233/172 168/251/188
f 155/234/173 156/235/174 144/218/159
f 156/235/174 155/234/173 601/252/189
f 159/238/177 157/237/176 638/253/190
f 157/237/176 159/238/177 145/221/162
f 160/240/178 159/238/177 169/254/191
f 159/238/177 160/240/178 146/223/163
f 161/255/179 160/240/178 170/256/192
f 160/240/178 161/255/179 147/239/164
f 161/241/179 162/243/181 149/225/165
f 162/243/181 161/241/179 171/257/193
f 162/258/181 173/259/194 163/260/180
f 173/259/194 162/258/181 172/261/195
f 148/226/166 174/262/196 45/244/182
f 174/262/196 148/226/166 163/242/180
f 172/261/195 164/246/184 173/259/194
f 164/246/184 172/261/195 165/245/183
f 175/263/197 151/228/168 165/245/183
f 151/228/168 175/263/197 166/247/185
f 164/246/184 48/248/186 176/264/198
f 48/248/186 164/246/184 152/229/169
f 166/265/185 167/250/187 153/249/170
f 167/250/187 166/265/185 177/266/199
f 167/250/187 168/251/188 154/233/172
f 168/251/188 167/250/187 178/267/200
f 168/251/188 601/252/189 155/234/173
f 601/252/189 168/251/188 179/268/201
f 169/254/191 638/253/190 180/269/202
f 638/253/190 169/254/191 159/238/177
f 170/256/192 169/254/191 181/270/203
f 169/254/191 170/256/192 160/240/178
f 171/271/193 170/256/192 182/272/204
f 170/256/192 171/271/193 161/255/179
f 171/273/193 172/261/195 162/258/181
f 172/261/195 171/273/193 183/274/205
f 163/260/180 184/275/206 174/276/196
f 184/275/206 163/260/180 173/259/194
f 183/274/205 165/245/183 172/261/195
f 165/245/183 183/274/205 175/263/197
f 173/259/194 176/264/198 184/275/206
f 176/264/198 173/259/194 164/246/184
f 175/277/197 177/266/199 166/265/185
f 177/266/199 175/277/197 185/278/207
f 177/266/199 178/267/200 167/250/187
f 178/267/200 177/266/199 186/279/208
f 178/267/200 179/268/201 168/251/188
f 179/268/201 178/267/200 636/280/209
f 181/270/203 180/269/202 187/281/210
f 180/269/202 181/270/203 169/254/191
f 182/272/204 181/270/203 188/282/211
f 181/270/203 182/272/204 170/256/192
f 183/283/205 182/272/204 189/284/212
f 182/272/204 183/283/205 171/271/193
f 183/283/205 185/278/207 175/277/197
f 185/278/207 183/283/205 189/284/212
f 185/278/207 186/279/208 177/266/199
f 186/279/208 185/278/207 190/285/213
f 186/279/208 636/280/209 178/267/200
f 636/280/209 186/279/208 191/286/214
f 188/282/211 187/281/210 192/287/215
f 187/281/210 188/282/211 181/270/203
f 189/284/212 188/282/211 193/288/216
f 188/282/211 189/284/212 182/272/204
f 189/284/212 190/285/213 185/278/207
f 190/285/213 189/284/212 193/288/216
f 190/285/213 191/286/214 186/279/208
f 191/286/214 190/285/213 194/289/217
f 193/288/216 192/287/215 637/290/218
f 192/287/215 193/288/216 188/282/211
f 193/288/216 194/289/217 190/285/213
f 194/289/217 193/288/216 637/290/218
f 197/291/219 196/292/220 195/293/106
f 200/294/221 195/293/106 196/292/220
f 195/293/106 200/294/221 199/295/92
f 195/293/106 3/6/222 197/291/219
f 3/6/222 195/293/106 17/8/223
f 198/296/107 201/297/134 202/298/121
f 201/297/134 198/296/107 197/291/219
f 203/299/80 198/296/107 204/300/94
f 198/296/107 203/299/80 196/292/224
f 205/301/67 199/295/92 200/294/221
f 199/295/92 205/301/67 206/302/78
f 199/295/92 17/8/223 195/293/106
f 17/8/223 199/295/92 16/11/225
f 207/303/226 196/292/224 203/299/80
f 197/291/219 2/5/227 201/297/134
f 2/5/227 197/291/219 3/6/222
f 202/298/121 209/304/148 208/305/135
f 209/304/148 202/298/121 201/297/134
f 204/300/94 202/298/121 210/306/108
f 202/298/121 204/300/94 198/296/107
f 212/307/82 203/308/80 204/309/94
f 203/308/80 212/307/82 211/310/70
f 214/311/228 206/302/78 205/301/67
f 206/302/78 214/311/228 213/312/77
f 206/302/78 16/11/225 199/295/92
f 16/11/225 206/302/78 6/12/229
f 200/294/221 215/313/230 205/301/67
f 211/310/70 207/314/226 203/308/80
f 207/314/226 211/310/70 216/315/231
f 201/297/134 19/1/232 209/304/148
f 19/1/232 201/297/134 2/5/227
f 208/305/135 217/316/162 218/317/149
f 217/316/162 208/305/135 209/304/148
f 210/306/108 208/305/135 219/318/122
f 208/305/135 210/306/108 202/298/121
f 220/319/96 204/300/94 210/306/108
f 204/300/94 220/319/96 212/320/82
f 221/321/81 211/310/70 212/307/82
f 211/310/70 221/321/81 222/322/69
f 214/311/228 224/323/89 213/312/77
f 224/323/89 214/311/228 223/324/76
f 213/312/77 6/12/229 206/302/78
f 6/12/229 213/312/77 15/15/233
f 225/325/234 205/301/67 215/313/230
f 205/301/67 225/325/234 214/311/228
f 222/322/69 216/315/231 211/310/70
f 216/315/231 222/322/69 227/326/58
f 209/304/148 1/3/235 217/316/162
f 1/3/235 209/304/148 19/1/232
f 217/316/162 228/327/163 218/317/149
f 228/327/163 217/316/162 229/328/177
f 219/318/122 218/317/149 230/329/136
f 218/317/149 219/318/122 208/305/135
f 231/330/110 210/331/108 219/332/122
f 210/331/108 231/330/110 220/333/96
f 232/334/95 212/307/82 220/335/96
f 212/307/82 232/334/95 221/321/81
f 42/64/35 222/322/69 221/321/81
f 222/322/69 42/64/35 43/67/38
f 223/324/76 233/336/103 224/323/89
f 233/336/103 223/324/76 234/337/88
f 213/312/77 22/17/236 15/15/233
f 22/17/236 213/312/77 224/323/89
f 223/324/76 225/325/237 235/338/64
f 227/326/58 226/339/238 216/315/231
f 226/339/238 227/326/58 237/340/51
f 43/67/38 227/326/58 222/322/69
f 227/326/58 43/67/38 47/71/42
f 1/3/235 229/328/177 217/316/162
f 229/328/177 1/3/235 20/2/239
f 229/328/177 239/341/178 228/327/163
f 239/341/178 229/328/177 238/342/191
f 218/317/149 240/343/150 230/329/136
f 240/343/150 218/317/149 228/327/163
f 231/330/110 230/344/136 241/345/124
f 230/344/136 231/330/110 219/332/122
f 242/346/109 220/333/96 231/330/110
f 220/333/96 242/346/109 232/347/95
f 38/62/31 221/321/81 232/334/95
f 221/321/81 38/62/31 42/64/35
f 234/337/88 243/348/117 233/336/103
f 243/348/117 234/337/88 244/349/102
f 224/323/89 14/19/240 22/17/236
f 14/19/240 224/323/89 233/336/103
f 235/338/64 234/337/88 223/324/76
f 234/337/88 235/338/64 245/350/74
f 236/351/241 235/352/64 225/353/237
f 235/352/64 236/351/241 246/354/54
f 237/340/51 236/351/241 226/339/238
f 236/351/241 237/340/51 247/355/52
f 47/71/42 237/340/51 227/326/58
f 237/340/51 47/71/42 248/75/46
f 20/2/239 238/342/191 229/328/177
f 238/342/191 20/2/239 21/4/242
f 238/342/191 249/356/192 239/341/178
f 249/356/192 238/342/191 250/357/203
f 228/327/163 251/358/164 240/343/150
f 251/358/164 228/327/163 239/341/178
f 241/345/124 240/359/150 252/360/137
f 240/359/150 241/345/124 230/344/136
f 242/346/109 241/345/124 253/361/123
f 241/345/124 242/346/109 231/330/110
f 36/54/27 232/347/95 242/346/109
f 232/347/95 36/54/27 38/58/31
f 244/349/102 255/362/131 243/348/117
f 255/362/131 244/349/102 254/363/116
f 233/336/103 13/21/243 14/19/240
f 13/21/243 233/336/103 243/348/117
f 245/350/74 244/349/102 234/337/88
f 244/349/102 245/350/74 256/364/86
f 246/365/54 245/366/74 235/367/64
f 245/366/74 246/365/54 257/368/62
f 247/355/52 246/354/54 236/351/241
f 246/354/54 247/355/52 258/369/55
f 248/75/46 247/355/52 237/340/51
f 247/355/52 248/75/46 49/79/49
f 21/4/242 250/357/203 238/342/191
f 250/357/203 21/4/242 18/7/244
f 250/357/203 259/370/204 249/356/192
f 259/370/204 250/357/203 260/371/211
f 239/341/178 261/372/179 251/358/164
f 261/372/179 239/341/178 249/356/192
f 252/360/137 251/373/164 262/374/151
f 251/373/164 252/360/137 240/359/150
f 253/361/123 252/360/137 263/375/138
f 252/360/137 253/361/123 241/345/124
f 36/54/27 253/361/123 31/48/23
f 253/361/123 36/54/27 242/346/109
f 254/363/116 264/376/145 255/362/131
f 264/376/145 254/363/116 265/377/130
f 243/348/117 10/22/245 13/21/243
f 10/22/245 243/348/117 255/362/131
f 256/364/86 254/363/116 244/349/102
f 254/363/116 256/364/86 266/378/100
f 267/379/73 245/366/74 257/368/62
f 258/380/55 257/368/62 246/365/54
f 257/368/62 258/380/55 268/381/246
f 49/79/49 258/369/55 247/355/52
f 258/369/55 49/79/49 269/78/45
f 18/7/244 260/371/211 250/357/203
f 260/371/211 18/7/244 4/9/247
f 260/371/211 270/382/212 259/370/204
f 270/382/212 260/371/211 271/383/216
f 249/356/192 272/384/193 261/372/179
f 272/384/193 249/356/192 259/370/204
f 262/374/151 261/385/179 273/386/165
f 261/385/179 262/374/151 251/373/164
f 263/375/138 262/374/151 274/387/152
f 262/374/151 263/375/138 252/360/137
f 31/48/23 263/375/138 29/44/19
f 263/375/138 31/48/23 253/361/123
f 264/376/145 276/388/144 275/389/159
f 276/388/144 264/376/145 265/377/130
f 255/362/131 12/24/248 10/22/245
f 12/24/248 255/362/131 264/376/145
f 266/378/100 265/377/130 254/363/116
f 265/377/130 266/378/100 277/390/114
f 256/391/86 278/392/85 266/393/100
f 278/392/85 256/391/86 267/379/73
f 257/368/62 279/394/72 267/379/73
f 279/394/72 257/368/62 268/381/246
f 269/74/45 268/381/246 258/380/55
f 268/381/246 269/74/45 46/69/40
f 4/9/247 271/383/216 260/371/211
f 271/383/216 4/9/247 5/10/249
f 271/383/216 280/395/207 270/382/212
f 280/395/207 271/383/216 281/396/213
f 259/370/204 282/397/205 272/384/193
f 282/397/205 259/370/204 270/382/212
f 283/398/181 261/385/179 272/399/193
f 261/385/179 283/398/181 273/386/165
f 274/387/152 273/386/165 284/400/250
f 273/386/165 274/387/152 262/374/151
f 29/44/19 274/387/152 27/40/15
f 274/387/152 29/44/19 263/375/138
f 275/389/159 285/401/158 286/402/173
f 285/401/158 275/389/159 276/388/144
f 12/24/248 275/389/159 11/23/251
f 275/389/159 12/24/248 264/376/145
f 265/377/130 287/403/128 276/388/144
f 287/403/128 265/377/130 277/390/114
f 266/393/100 288/404/99 277/405/114
f 288/404/99 266/393/100 278/392/85
f 267/379/73 289/406/84 278/392/85
f 289/406/84 267/379/73 279/394/72
f 268/381/246 290/65/36 279/394/72
f 290/65/36 268/381/246 46/69/40
f 5/10/249 281/396/213 271/383/216
f 281/396/213 5/10/249 7/13/252
f 291/407/208 280/395/207 281/396/213
f 280/395/207 291/407/208 292/408/199
f 270/382/212 293/409/197 282/397/205
f 293/409/197 270/382/212 280/395/207
f 294/410/195 272/411/193 282/412/205
f 272/411/193 294/410/195 283/413/181
f 295/414/180 273/386/165 283/398/181
f 273/386/165 295/414/180 284/400/250
f 27/40/15 284/400/250 296/34/10
f 284/400/250 27/40/15 274/387/152
f 286/402/173 297/415/172 298/416/188
f 297/415/172 286/402/173 285/401/158
f 11/23/251 286/402/173 9/20/253
f 286/402/173 11/23/251 275/389/159
f 276/388/144 299/417/142 285/401/158
f 299/417/142 276/388/144 287/403/128
f 287/418/128 288/404/99 300/419/113
f 288/404/99 287/418/128 277/405/114
f 278/392/85 301/420/98 288/404/99
f 301/420/98 278/392/85 289/406/84
f 279/394/72 40/59/32 289/406/84
f 40/59/32 279/394/72 290/65/36
f 23/14/254 281/396/213 7/13/252
f 281/396/213 23/14/254 291/407/208
f 302/421/200 292/408/199 291/407/208
f 292/408/199 302/421/200 303/422/187
f 292/408/199 293/409/197 280/395/207
f 293/409/197 292/408/199 304/423/185
f 305/424/183 282/412/205 293/425/197
f 282/412/205 305/424/183 294/410/195
f 306/426/194 283/413/181 294/410/195
f 283/413/181 306/426/194 295/427/180
f 307/35/6 284/400/250 295/414/180
f 284/400/250 307/35/6 296/34/10
f 298/416/188 303/422/187 302/421/200
f 303/422/187 298/416/188 297/415/172
f 9/20/253 298/416/188 308/18/255
f 298/416/188 9/20/253 286/402/173
f 285/401/158 309/428/156 297/415/172
f 309/428/156 285/401/158 299/417/142
f 299/429/142 300/419/113 310/430/126
f 300/419/113 299/429/142 287/418/128
f 300/419/113 301/420/98 311/431/112
f 301/420/98 300/419/113 288/404/99
f 289/406/84 312/55/28 301/420/98
f 312/55/28 289/406/84 40/59/32
f 8/16/256 291/407/208 23/14/254
f 291/407/208 8/16/256 302/421/200
f 303/422/187 304/423/185 292/408/199
f 304/423/185 303/422/187 313/432/170
f 314/433/168 293/425/197 304/434/185
f 293/425/197 314/433/168 305/424/183
f 315/435/184 294/410/195 305/424/183
f 294/410/195 315/435/184 306/426/194
f 316/26/3 295/427/180 306/426/194
f 295/427/180 316/26/3 307/29/6
f 308/18/255 302/421/200 8/16/256
f 302/421/200 308/18/255 298/416/188
f 297/415/172 313/432/170 303/422/187
f 313/432/170 297/415/172 309/428/156
f 309/436/156 310/437/126 317/438/140
f 310/437/126 309/436/156 299/439/142
f 310/430/126 311/431/112 318/440/127
f 311/431/112 310/430/126 300/419/113
f 311/431/112 312/55/28 34/49/24
f 312/55/28 311/431/112 301/420/98
f 319/441/154 304/434/185 313/442/170
f 304/434/185 319/441/154 314/433/168
f 320/443/169 305/424/183 314/433/168
f 305/424/183 320/443/169 315/435/184
f 321/27/4 306/426/194 315/435/184
f 306/426/194 321/27/4 316/26/3
f 317/438/140 313/442/170 309/436/156
f 313/442/170 317/438/140 319/441/154
f 317/438/140 318/444/127 322/445/141
f 318/444/127 317/438/140 310/437/126
f 318/440/127 34/49/24 323/51/20
f 34/49/24 318/440/127 311/431/112
f 324/446/155 314/433/168 319/441/154
f 314/433/168 324/446/155 320/443/169
f 325/32/9 315/435/184 320/443/169
f 315/435/184 325/32/9 321/27/4
f 322/445/141 319/441/154 317/438/140
f 319/441/154 322/445/141 324/446/155
f 322/445/141 323/45/20 326/42/17
f 323/45/20 322/445/141 318/444/127
f 26/38/13 320/443/169 324/446/155
f 320/443/169 26/38/13 325/32/9
f 326/42/17 324/446/155 322/445/141
f 324/446/155 326/42/17 26/38/13
usemtl Color_E01
f 333/769/578 354/770/579 341/771/580
f 360/772/581 339/773/582 341/774/580
f 393/775/583 357/776/584 394/777/585
f 373/778/586 399/779/587 338/780/588
f 377/781/589 404/782/590 342/783/591
f 378/784/592 342/783/591 404/782/590
f 399/779/587 373/778/586 424/785/593
f 425/786/594 426/787/595 450/788/596
f 459/789/597 458/790/598 434/791/599
f 434/791/599 435/792/600 459/789/597
f 450/788/596 474/785/601 425/786/594
f 504/793/602 529/794/603 480/795/604
f 624/796/605 623/797/606 606/798/607
f 606/798/607 607/799/608 624/796/605
f 645/800/609 643/801/610 646/802/611
f 643/801/610 645/800/609 644/803/612
f 647/804/613 646/802/611 1005/805/614
f 646/802/611 647/804/613 645/800/609
f 648/806/615 644/803/612 645/800/609
f 644/803/612 648/806/615 649/807/616
f 644/803/612 651/808/617 643/801/610
f 651/808/617 644/803/612 650/809/618
f 646/802/611 653/810/619 652/811/620
f 653/810/619 646/802/611 643/801/610
f 654/812/621 645/800/609 647/804/613
f 645/800/609 654/812/621 648/806/615
f 1005/805/614 652/811/620 655/813/622
f 652/811/620 1005/805/614 646/802/611
f 657/814/623 649/807/616 648/806/615
f 649/807/616 657/814/623 656/815/624
f 649/807/616 650/809/618 644/803/612
f 650/809/618 649/807/616 658/816/625
f 659/817/626 651/808/617 650/809/618
f 651/808/617 659/817/626 660/818/627
f 643/801/610 661/819/628 653/810/619
f 661/819/628 643/801/610 651/808/617
f 652/811/620 662/820/629 663/821/630
f 662/820/629 652/811/620 653/810/619
f 664/822/631 648/806/615 654/812/621
f 648/806/615 664/822/631 657/814/623
f 655/813/622 663/821/630 665/823/632
f 663/821/630 655/813/622 652/811/620
f 667/824/633 656/825/624 657/826/623
f 656/825/624 667/824/633 666/827/634
f 656/815/624 658/816/625 649/807/616
f 658/816/625 656/815/624 668/828/635
f 669/829/636 650/809/618 658/816/625
f 650/809/618 669/829/636 659/817/626
f 671/830/637 660/818/627 659/817/626
f 660/818/627 671/830/637 670/831/638
f 660/818/627 661/819/628 651/808/617
f 661/819/628 660/818/627 672/832/639
f 653/810/619 673/833/640 662/820/629
f 673/833/640 653/810/619 661/819/628
f 663/821/630 674/834/641 675/835/642
f 674/834/641 663/821/630 662/820/629
f 1012/836/643 657/826/623 664/837/631
f 657/826/623 1012/836/643 667/824/633
f 665/823/632 675/835/642 676/838/644
f 675/835/642 665/823/632 663/821/630
f 677/839/645 666/827/634 667/824/633
f 666/827/634 677/839/645 680/840/646
f 666/827/634 680/840/646 678/841/647
f 678/841/647 680/840/646 679/842/648
f 666/827/634 668/843/635 656/825/624
f 668/843/635 666/827/634 681/844/649
f 668/828/635 669/829/636 658/816/625
f 669/829/636 668/828/635 682/845/650
f 683/846/651 659/817/626 669/829/636
f 659/817/626 683/846/651 671/830/637
f 684/847/652 670/848/638 671/849/637
f 670/848/638 684/847/652 685/850/653
f 670/848/638 672/851/639 660/852/627
f 672/851/639 670/848/638 686/853/654
f 661/819/628 687/854/655 673/833/640
f 687/854/655 661/819/628 672/832/639
f 662/820/629 688/855/656 674/834/641
f 688/855/656 662/820/629 673/833/640
f 675/856/642 690/857/657 689/858/658
f 690/857/657 675/856/642 674/859/641
f 691/860/659 667/824/633 1012/836/643
f 667/824/633 691/860/659 1016/861/660
f 667/824/633 1016/861/660 680/840/646
f 667/824/633 680/840/646 677/839/645
f 676/862/644 689/858/658 692/863/661
f 689/858/658 676/862/644 675/856/642
f 693/864/662 679/842/648 680/840/646
f 679/842/648 693/864/662 694/865/663
f 678/841/647 681/844/649 666/827/634
f 681/844/649 678/841/647 679/842/648
f 681/844/649 679/842/648 695/866/664
f 681/867/649 695/868/664 696/869/665
f 681/844/649 682/870/650 668/843/635
f 682/870/650 681/844/649 697/871/666
f 682/845/650 683/846/651 669/829/636
f 698/872/667 682/873/668 683/874/669
f 699/875/670 671/849/637 683/876/651
f 671/849/637 699/875/670 684/847/652
f 700/877/671 685/850/653 684/847/652
f 685/850/653 700/877/671 701/878/672
f 685/850/653 686/853/654 670/848/638
f 686/853/654 685/850/653 702/879/673
f 672/851/639 703/880/674 687/881/655
f 703/880/674 672/851/639 686/853/654
f 673/882/640 704/883/675 688/884/656
f 704/883/675 673/882/640 687/881/655
f 674/859/641 705/885/676 690/857/657
f 705/885/676 674/859/641 688/886/656
f 690/857/657 706/887/677 689/858/658
f 706/887/677 690/857/657 707/888/678
f 1013/889/679 680/840/646 1016/861/660
f 680/840/646 1013/889/679 693/864/662
f 689/858/658 998/890/680 692/863/661
f 998/890/680 689/858/658 706/887/677
f 709/891/681 694/865/663 693/864/662
f 694/865/663 709/891/681 708/892/682
f 694/865/663 695/866/664 679/842/648
f 695/866/664 694/865/663 710/893/683
f 696/894/665 697/871/666 681/844/649
f 697/871/666 696/894/665 695/866/664
f 697/871/666 695/866/664 711/895/684
f 711/895/684 695/866/664 712/896/685
f 698/897/686 697/871/666 713/898/687
f 682/873/668 698/872/667 697/899/688
f 698/900/686 699/901/670 683/902/651
f 699/901/670 698/900/686 714/903/689
f 715/904/690 684/847/652 699/875/670
f 684/847/652 715/904/690 700/877/671
f 717/905/691 701/878/672 700/877/671
f 701/878/672 717/905/691 716/906/692
f 701/878/672 702/879/673 685/850/653
f 702/879/673 701/878/672 718/907/693
f 686/853/654 719/908/694 703/880/674
f 719/908/694 686/853/654 702/879/673
f 687/881/655 720/909/695 704/883/675
f 720/909/695 687/881/655 703/880/674
f 688/886/656 721/910/696 705/885/676
f 721/910/696 688/886/656 704/911/675
f 707/888/678 705/885/676 722/912/697
f 690/913/698 707/914/699 705/915/700
f 707/888/678 723/916/701 706/887/677
f 723/916/701 707/888/678 724/917/702
f 1011/918/703 693/864/662 1013/889/679
f 693/864/662 1011/918/703 709/891/681
f 706/887/677 725/919/704 998/890/680
f 725/919/704 706/887/677 723/916/701
f 727/920/705 708/892/682 709/891/681
f 726/921/706 727/922/707 708/923/708
f 708/892/682 710/893/683 694/865/663
f 710/893/683 708/892/682 728/924/709
f 710/893/683 712/896/685 695/866/664
f 712/896/685 710/893/683 729/925/710
f 711/895/684 713/898/687 697/871/666
f 713/898/687 711/895/684 712/896/685
f 713/898/687 712/896/685 730/926/711
f 730/926/711 712/896/685 731/927/712
f 713/898/687 714/928/689 698/897/686
f 714/928/689 713/898/687 732/929/713
f 714/928/689 715/930/690 699/931/670
f 715/930/690 714/928/689 733/932/714
f 734/933/715 700/877/671 715/904/690
f 700/877/671 734/933/715 717/905/691
f 735/934/716 716/906/692 717/905/691
f 716/906/692 735/934/716 736/935/717
f 716/906/692 718/907/693 701/878/672
f 718/907/693 716/906/692 737/936/718
f 702/879/673 738/937/719 719/908/694
f 738/937/719 702/879/673 718/907/693
f 703/880/674 739/938/720 720/909/695
f 739/938/720 703/880/674 719/908/694
f 704/911/675 740/939/721 721/910/696
f 740/939/721 704/911/675 720/940/695
f 721/910/696 722/912/697 705/885/676
f 722/912/697 721/910/696 741/941/722
f 722/912/697 724/917/702 707/888/678
f 724/917/702 722/912/697 742/942/723
f 724/917/702 745/943/724 723/916/701
f 745/943/724 724/917/702 744/944/725
f 744/944/725 724/917/702 743/945/726
f 744/944/725 743/945/726 746/946/727
f 747/947/728 709/891/681 1011/918/703
f 709/891/681 747/947/728 727/920/705
f 723/916/701 748/948/729 725/919/704
f 748/948/729 723/916/701 996/949/730
f 996/949/730 723/916/701 745/943/724
f 996/949/730 745/943/724 744/944/725
f 726/950/731 750/951/732 749/952/733
f 750/951/732 726/950/731 727/920/705
f 726/950/731 728/924/709 708/892/682
f 728/924/709 726/950/731 751/953/734
f 728/924/709 729/925/710 710/893/683
f 729/925/710 728/924/709 752/954/735
f 729/925/710 731/927/712 712/896/685
f 731/927/712 729/925/710 753/955/736
f 730/926/711 732/929/713 713/898/687
f 732/929/713 730/926/711 731/927/712
f 732/929/713 731/927/712 755/956/737
f 754/957/738 731/958/739 755/959/740
f 732/929/713 733/932/714 714/928/689
f 733/932/714 732/929/713 756/960/741
f 733/932/714 734/961/715 715/930/690
f 734/961/715 733/932/714 757/962/742
f 717/905/691 758/963/743 735/934/716
f 734/964/744 717/965/745 758/966/746
f 760/967/747 736/935/717 735/934/716
f 736/935/717 760/967/747 759/968/748
f 736/935/717 737/936/718 716/906/692
f 737/936/718 736/935/717 761/969/749
f 718/907/693 762/970/750 738/937/719
f 762/970/750 718/907/693 737/936/718
f 719/908/694 763/971/751 739/938/720
f 763/971/751 719/908/694 738/937/719
f 720/940/695 764/972/752 740/939/721
f 764/972/752 720/940/695 739/973/720
f 740/939/721 741/941/722 721/910/696
f 741/941/722 740/939/721 765/974/753
f 741/941/722 742/942/723 722/912/697
f 742/942/723 741/941/722 766/975/754
f 742/942/723 743/945/726 724/917/702
f 743/945/726 742/942/723 746/946/727
f 746/946/727 742/942/723 768/976/755
f 768/977/755 742/978/723 767/979/756
f 746/946/727 769/980/757 744/944/725
f 769/980/757 746/946/727 770/981/758
f 727/920/705 1008/982/759 750/951/732
f 1008/982/759 727/920/705 747/947/728
f 744/944/725 997/983/760 996/949/730
f 997/983/760 744/944/725 769/980/757
f 749/984/733 772/985/761 771/986/762
f 772/985/761 749/984/733 750/987/732
f 751/953/734 749/952/733 773/988/763
f 749/952/733 751/953/734 726/950/731
f 751/953/734 752/954/735 728/924/709
f 774/989/764 751/990/765 752/991/766
f 752/954/735 753/955/736 729/925/710
f 753/955/736 752/954/735 775/992/767
f 753/955/736 754/993/768 731/927/712
f 754/993/768 753/955/736 776/994/769
f 755/956/737 756/960/741 732/929/713
f 777/995/770 754/957/738 778/996/771
f 754/957/738 755/959/740 778/996/771
f 778/996/771 755/959/740 756/997/772
f 756/960/741 757/962/742 733/932/714
f 757/962/742 756/960/741 779/998/773
f 757/962/742 758/999/774 734/961/715
f 758/999/774 757/962/742 780/1000/775
f 781/1001/776 735/934/716 758/963/743
f 735/934/716 781/1001/776 760/967/747
f 783/1002/777 759/968/748 760/967/747
f 759/968/748 783/1002/777 782/1003/778
f 759/968/748 761/969/749 736/935/717
f 761/969/749 759/968/748 784/1004/779
f 737/936/718 785/1005/780 762/970/750
f 785/1005/780 737/936/718 761/969/749
f 738/937/719 786/1006/781 763/971/751
f 786/1006/781 738/937/719 762/970/750
f 739/938/720 787/1007/782 764/1008/752
f 787/1007/782 739/938/720 763/971/751
f 764/972/752 765/974/753 740/939/721
f 765/974/753 764/972/752 788/1009/783
f 765/974/753 766/975/754 741/941/722
f 766/975/754 765/974/753 789/1010/784
f 766/975/754 767/1011/756 742/942/723
f 767/1011/756 766/975/754 768/976/755
f 768/976/755 766/975/754 790/1012/785
f 768/976/755 790/1012/785 791/1013/786
f 768/976/755 770/981/758 746/946/727
f 770/981/758 768/976/755 792/1014/787
f 770/981/758 794/1015/788 769/980/757
f 794/1015/788 770/981/758 793/1016/789
f 750/1017/732 1006/1018/790 772/1019/761
f 1006/1018/790 750/1017/732 1008/1020/759
f 769/980/757 999/1021/791 997/983/760
f 999/1021/791 769/980/757 794/1015/788
f 771/1022/762 796/1023/792 795/1024/793
f 796/1023/792 771/1022/762 772/1019/761
f 773/1025/763 771/986/762 797/1026/794
f 771/986/762 773/1025/763 749/984/733
f 798/1027/795 751/1028/734 773/1025/763
f 751/1028/734 798/1027/795 774/1029/796
f 774/1030/796 775/992/767 752/954/735
f 775/992/767 774/1030/796 799/1031/797
f 775/992/767 776/994/769 753/955/736
f 776/994/769 775/992/767 800/1032/798
f 777/1033/799 776/994/769 801/1034/800
f 754/957/738 777/995/770 776/1035/801
f 778/1036/802 779/998/773 756/960/741
f 779/998/773 778/1036/802 803/1037/803
f 803/1037/803 777/1033/799 802/1038/804
f 777/995/770 778/996/771 803/1039/805
f 779/998/773 780/1000/775 757/962/742
f 780/1000/775 779/998/773 804/1040/806
f 781/1041/776 780/1000/775 805/1042/807
f 758/1043/808 781/1044/809 780/1045/810
f 806/1046/811 760/967/747 781/1001/776
f 760/967/747 806/1046/811 783/1002/777
f 807/1047/812 782/1003/778 783/1002/777
f 782/1003/778 807/1047/812 808/1048/813
f 782/1003/778 784/1004/779 759/968/748
f 784/1004/779 782/1003/778 809/1049/814
f 761/969/749 810/1050/815 785/1005/780
f 810/1050/815 761/969/749 784/1004/779
f 762/970/750 811/1051/816 786/1006/781
f 811/1051/816 762/970/750 785/1005/780
f 763/971/751 812/1052/817 787/1007/782
f 812/1052/817 763/971/751 786/1006/781
f 787/1053/782 788/1009/783 764/972/752
f 788/1009/783 787/1053/782 813/1054/818
f 788/1009/783 789/1010/784 765/974/753
f 789/1010/784 788/1009/783 814/1055/819
f 789/1010/784 790/1012/785 766/975/754
f 790/1012/785 789/1010/784 791/1013/786
f 791/1013/786 789/1010/784 816/1056/820
f 791/1013/786 816/1056/820 815/1057/821
f 791/1013/786 792/1014/787 768/976/755
f 792/1014/787 791/1013/786 817/1058/822
f 792/1014/787 793/1016/789 770/981/758
f 793/1016/789 792/1014/787 818/1059/823
f 793/1060/789 820/1061/824 794/1062/788
f 820/1061/824 793/1060/789 819/1063/825
f 772/1019/761 821/1064/826 796/1023/792
f 821/1064/826 772/1019/761 1006/1018/790
f 794/1062/788 1000/1065/827 999/1066/791
f 1000/1065/827 794/1062/788 820/1061/824
f 795/1024/793 822/1067/828 823/1068/829
f 822/1067/828 795/1024/793 796/1023/792
f 797/1026/794 795/1069/793 824/1070/830
f 795/1069/793 797/1026/794 771/986/762
f 825/1071/831 773/1025/763 797/1026/794
f 773/1025/763 825/1071/831 798/1027/795
f 826/1072/832 774/1029/796 798/1027/795
f 774/1029/796 826/1072/832 799/1073/797
f 799/1031/797 800/1032/798 775/992/767
f 800/1032/798 799/1031/797 827/1074/833
f 800/1032/798 801/1034/800 776/994/769
f 801/1034/800 800/1032/798 828/1075/834
f 801/1034/800 802/1038/804 777/1033/799
f 802/1038/804 801/1034/800 829/1076/835
f 803/1037/803 804/1040/806 779/998/773
f 804/1040/806 803/1037/803 830/1077/836
f 830/1077/836 803/1037/803 802/1038/804
f 830/1077/836 802/1038/804 831/1078/837
f 804/1040/806 805/1042/807 780/1000/775
f 805/1042/807 804/1040/806 832/1079/838
f 805/1042/807 806/1080/811 781/1041/776
f 806/1080/811 805/1042/807 833/1081/839
f 834/1082/840 783/1002/777 806/1046/811
f 783/1002/777 834/1082/840 807/1047/812
f 1190/1083/841 808/1048/813 807/1047/812
f 808/1048/813 1190/1083/841 1191/1084/842
f 808/1048/813 809/1049/814 782/1003/778
f 809/1049/814 808/1048/813 835/1085/843
f 784/1004/779 836/1086/844 810/1050/815
f 836/1086/844 784/1004/779 809/1049/814
f 785/1005/780 837/1087/845 811/1051/816
f 837/1087/845 785/1005/780 810/1050/815
f 786/1006/781 838/1088/846 812/1052/817
f 838/1088/846 786/1006/781 811/1051/816
f 812/1089/817 813/1054/818 787/1053/782
f 813/1054/818 812/1089/817 839/1090/847
f 813/1054/818 814/1055/819 788/1009/783
f 814/1055/819 813/1054/818 840/1091/848
f 814/1055/819 816/1056/820 789/1010/784
f 816/1056/820 814/1055/819 815/1057/821
f 815/1057/821 814/1055/819 841/1092/849
f 815/1057/821 841/1092/849 842/1093/850
f 815/1057/821 817/1058/822 791/1013/786
f 817/1058/822 815/1057/821 843/1094/851
f 817/1058/822 818/1059/823 792/1014/787
f 818/1059/823 817/1058/822 844/1095/852
f 818/1096/823 819/1063/825 793/1060/789
f 819/1063/825 818/1096/823 845/1097/853
f 847/1098/854 820/1061/824 819/1063/825
f 820/1061/824 847/1098/854 846/1099/855
f 796/1023/792 1003/1100/856 822/1067/828
f 1003/1100/856 796/1023/792 821/1064/826
f 846/1099/855 1000/1065/827 820/1061/824
f 1000/1065/827 846/1099/855 848/1101/857
f 823/1068/829 846/1099/855 847/1098/854
f 846/1099/855 823/1068/829 822/1067/828
f 824/1070/830 823/1102/829 849/1103/858
f 823/1102/829 824/1070/830 795/1069/793
f 850/1104/859 797/1026/794 824/1070/830
f 797/1026/794 850/1104/859 825/1071/831
f 851/1105/860 798/1027/795 825/1071/831
f 798/1027/795 851/1105/860 826/1072/832
f 852/1106/861 799/1073/797 826/1072/832
f 799/1073/797 852/1106/861 827/1107/833
f 827/1074/833 828/1075/834 800/1032/798
f 828/1075/834 827/1074/833 853/1108/862
f 828/1075/834 829/1076/835 801/1034/800
f 829/1076/835 828/1075/834 854/1109/863
f 829/1076/835 831/1078/837 802/1038/804
f 831/1078/837 829/1076/835 855/1110/864
f 830/1077/836 832/1079/838 804/1040/806
f 832/1079/838 830/1077/836 857/1111/865
f 857/1111/865 830/1077/836 831/1078/837
f 856/1112/866 831/1113/867 857/1114/868
f 832/1079/838 833/1081/839 805/1042/807
f 833/1081/839 832/1079/838 858/1115/869
f 833/1081/839 834/1116/840 806/1080/811
f 834/1116/840 833/1081/839 859/1117/870
f 860/1118/871 807/1047/812 834/1082/840
f 807/1047/812 860/1118/871 1190/1083/841
f 1191/1084/842 835/1085/843 808/1048/813
f 835/1085/843 1191/1084/842 861/1119/1
f 809/1049/814 862/1120/872 836/1086/844
f 862/1120/872 809/1049/814 835/1085/843
f 810/1050/815 863/1121/873 837/1087/845
f 863/1121/873 810/1050/815 836/1086/844
f 811/1051/816 864/1122/874 838/1088/846
f 864/1122/874 811/1051/816 837/1087/845
f 838/1123/846 839/1090/847 812/1089/817
f 839/1090/847 838/1123/846 865/1124/875
f 839/1090/847 840/1091/848 813/1054/818
f 840/1091/848 839/1090/847 866/1125/876
f 840/1091/848 841/1092/849 814/1055/819
f 841/1092/849 840/1091/848 868/1126/877
f 841/1092/849 868/1126/877 842/1093/850
f 842/1093/850 868/1126/877 867/1127/878
f 842/1093/850 843/1094/851 815/1057/821
f 843/1094/851 842/1093/850 869/1128/879
f 843/1094/851 844/1095/852 817/1058/822
f 844/1095/852 843/1094/851 870/1129/880
f 844/1095/852 845/1130/853 818/1059/823
f 845/1130/853 844/1095/852 871/1131/881
f 872/1132/882 819/1063/825 845/1097/853
f 819/1063/825 872/1132/882 847/1098/854
f 822/1067/828 848/1101/857 846/1099/855
f 848/1101/857 822/1067/828 1003/1100/856
f 849/1103/858 847/1133/854 872/1134/882
f 847/1133/854 849/1103/858 823/1102/829
f 849/1103/858 850/1104/859 824/1070/830
f 850/1104/859 849/1103/858 873/1135/883
f 874/1136/884 825/1071/831 850/1104/859
f 825/1071/831 874/1136/884 851/1105/860
f 875/1137/885 826/1072/832 851/1105/860
f 826/1072/832 875/1137/885 852/1106/861
f 876/1138/886 827/1107/833 852/1106/861
f 827/1107/833 876/1138/886 853/1139/862
f 853/1108/862 854/1109/863 828/1075/834
f 854/1109/863 853/1108/862 877/1140/887
f 854/1109/863 855/1110/864 829/1076/835
f 855/1110/864 854/1109/863 878/1141/888
f 855/1110/864 856/1142/889 831/1078/837
f 856/1142/889 855/1110/864 879/1143/890
f 857/1111/865 858/1115/869 832/1079/838
f 858/1115/869 857/1111/865 880/1144/891
f 880/1144/891 856/1142/889 881/1145/892
f 856/1112/866 857/1114/868 880/1146/893
f 858/1115/869 859/1117/870 833/1081/839
f 859/1117/870 858/1115/869 882/1147/894
f 859/1117/870 860/1148/871 834/1116/840
f 860/1148/871 859/1117/870 1189/1149/895
f 835/1085/843 883/1150/896 862/1120/872
f 883/1150/896 835/1085/843 861/1119/1
f 836/1086/844 884/1151/897 863/1121/873
f 884/1151/897 836/1086/844 862/1120/872
f 837/1087/845 885/1152/898 864/1122/874
f 885/1152/898 837/1087/845 863/1121/873
f 864/1153/874 865/1124/875 838/1123/846
f 865/1124/875 864/1153/874 886/1154/899
f 865/1124/875 866/1125/876 839/1090/847
f 866/1125/876 865/1124/875 887/1155/900
f 866/1125/876 868/1126/877 840/1091/848
f 868/1126/877 866/1125/876 889/1156/901
f 868/1126/877 889/1156/901 867/1127/878
f 867/1127/878 889/1156/901 888/1157/902
f 867/1127/878 869/1128/879 842/1093/850
f 869/1128/879 867/1127/878 890/1158/903
f 869/1128/879 870/1129/880 843/1094/851
f 870/1129/880 869/1128/879 891/1159/904
f 870/1129/880 871/1131/881 844/1095/852
f 871/1131/881 870/1129/880 892/1160/905
f 845/1161/853 893/1162/906 872/1134/882
f 893/1162/906 845/1161/853 871/1163/881
f 872/1134/882 873/1135/883 849/1103/858
f 873/1135/883 872/1134/882 893/1162/906
f 873/1135/883 874/1136/884 850/1104/859
f 874/1136/884 873/1135/883 894/1164/907
f 895/1165/908 851/1105/860 874/1136/884
f 851/1105/860 895/1165/908 875/1137/885
f 896/1166/909 852/1106/861 875/1137/885
f 852/1106/861 896/1166/909 876/1138/886
f 897/1167/910 853/1139/862 876/1138/886
f 853/1139/862 897/1167/910 877/1168/887
f 877/1140/887 878/1141/888 854/1109/863
f 878/1141/888 877/1140/887 898/1169/911
f 878/1141/888 879/1143/890 855/1110/864
f 879/1143/890 878/1141/888 899/1170/912
f 879/1143/890 881/1145/892 856/1142/889
f 881/1145/892 879/1143/890 900/1171/913
f 880/1144/891 882/1147/894 858/1115/869
f 882/1147/894 880/1144/891 901/1172/914
f 901/1172/914 880/1144/891 881/1145/892
f 901/1172/914 881/1145/892 902/1173/915
f 882/1147/894 1189/1149/895 859/1117/870
f 1189/1149/895 882/1147/894 1103/1174/916
f 862/1120/872 1186/1175/917 884/1151/897
f 1186/1175/917 862/1120/872 883/1150/896
f 863/1121/873 903/1176/918 885/1152/898
f 903/1176/918 863/1121/873 884/1151/897
f 885/1177/898 886/1154/899 864/1153/874
f 886/1154/899 885/1177/898 904/1178/919
f 886/1154/899 887/1155/900 865/1124/875
f 887/1155/900 886/1154/899 905/1179/920
f 887/1155/900 889/1156/901 866/1125/876
f 889/1156/901 887/1155/900 907/1180/921
f 889/1156/901 907/1180/921 888/1157/902
f 888/1157/902 907/1180/921 906/1181/922
f 888/1157/902 890/1158/903 867/1127/878
f 890/1158/903 888/1157/902 908/1182/923
f 890/1158/903 891/1159/904 869/1128/879
f 891/1159/904 890/1158/903 909/1183/924
f 891/1184/904 892/1185/905 870/1186/880
f 892/1185/905 891/1184/904 910/1187/925
f 871/1163/881 911/1188/926 893/1162/906
f 911/1188/926 871/1163/881 892/1185/905
f 893/1162/906 894/1164/907 873/1135/883
f 894/1164/907 893/1162/906 911/1188/926
f 894/1164/907 895/1165/908 874/1136/884
f 895/1165/908 894/1164/907 912/1189/927
f 913/1190/928 875/1137/885 895/1165/908
f 875/1137/885 913/1190/928 896/1166/909
f 914/1191/929 876/1138/886 896/1166/909
f 876/1138/886 914/1191/929 897/1167/910
f 915/1192/930 877/1168/887 897/1167/910
f 877/1168/887 915/1192/930 898/1193/911
f 898/1169/911 899/1170/912 878/1141/888
f 899/1170/912 898/1169/911 916/1194/931
f 899/1170/912 900/1171/913 879/1143/890
f 900/1171/913 899/1170/912 917/1195/932
f 900/1171/913 902/1173/915 881/1145/892
f 902/1173/915 900/1171/913 918/1196/933
f 901/1172/914 1103/1174/916 882/1147/894
f 1103/1174/916 901/1172/914 1102/1197/934
f 1102/1197/934 901/1172/914 902/1173/915
f 1102/1197/934 902/1173/915 1086/1198/47
f 884/1151/897 919/1199/935 903/1176/918
f 919/1199/935 884/1151/897 1186/1175/917
f 903/1200/918 904/1178/919 885/1177/898
f 904/1178/919 903/1200/918 920/1201/936
f 904/1178/919 905/1179/920 886/1154/899
f 905/1179/920 904/1178/919 921/1202/937
f 905/1179/920 907/1180/921 887/1155/900
f 907/1180/921 905/1179/920 922/1203/938
f 907/1180/921 922/1203/938 906/1181/922
f 906/1181/922 922/1203/938 923/1204/939
f 906/1181/922 908/1182/923 888/1157/902
f 908/1182/923 906/1181/922 924/1205/940
f 908/1182/923 909/1183/924 890/1158/903
f 909/1183/924 908/1182/923 925/1206/941
f 909/1207/924 910/1187/925 891/1184/904
f 910/1187/925 909/1207/924 926/1208/942
f 892/1185/905 927/1209/943 911/1188/926
f 927/1209/943 892/1185/905 910/1187/925
f 911/1188/926 912/1189/927 894/1164/907
f 912/1189/927 911/1188/926 927/1209/943
f 912/1189/927 913/1190/928 895/1165/908
f 913/1190/928 912/1189/927 928/1210/944
f 929/1211/945 896/1166/909 913/1190/928
f 896/1166/909 929/1211/945 914/1191/929
f 930/1212/946 897/1167/910 914/1191/929
f 897/1167/910 930/1212/946 915/1192/930
f 898/1193/911 931/1213/947 916/1214/931
f 915/1215/948 898/1216/949 931/1217/950
f 916/1194/931 917/1195/932 899/1170/912
f 917/1195/932 916/1194/931 932/1218/951
f 917/1195/932 918/1196/933 900/1171/913
f 918/1196/933 917/1195/932 933/1219/952
f 902/1173/915 934/1220/953 1086/1198/47
f 934/1220/953 902/1173/915 918/1196/933
f 1192/1221/954 903/1200/918 919/1222/935
f 903/1200/918 1192/1221/954 920/1201/936
f 920/1201/936 921/1202/937 904/1178/919
f 921/1202/937 920/1201/936 935/1223/955
f 921/1202/937 922/1203/938 905/1179/920
f 922/1203/938 921/1202/937 936/1224/956
f 922/1203/938 936/1224/956 923/1204/939
f 923/1204/939 936/1224/956 937/1225/957
f 923/1204/939 924/1205/940 906/1181/922
f 924/1205/940 923/1204/939 938/1226/958
f 924/1205/940 925/1206/941 908/1182/923
f 925/1206/941 924/1205/940 939/1227/959
f 925/1228/941 926/1208/942 909/1207/924
f 926/1208/942 925/1228/941 940/1229/960
f 910/1187/925 941/1230/961 927/1209/943
f 941/1230/961 910/1187/925 926/1208/942
f 927/1209/943 928/1210/944 912/1189/927
f 928/1210/944 927/1209/943 941/1230/961
f 928/1210/944 929/1211/945 913/1190/928
f 929/1211/945 928/1210/944 942/1231/962
f 914/1191/929 943/1232/963 930/1212/946
f 929/1233/718 914/1234/964 943/1235/749
f 944/1236/965 915/1192/930 930/1212/946
f 915/1192/930 944/1236/965 931/1213/947
f 945/1237/966 916/1214/931 931/1213/947
f 916/1214/931 945/1237/966 932/1238/951
f 932/1218/951 933/1219/952 917/1195/932
f 933/1219/952 932/1218/951 946/1239/967
f 933/1219/952 934/1220/953 918/1196/933
f 934/1220/953 933/1219/952 1188/1240/968
f 947/1241/969 920/1201/936 1192/1221/954
f 920/1201/936 947/1241/969 935/1223/955
f 935/1223/955 936/1224/956 921/1202/937
f 936/1224/956 935/1223/955 949/1242/970
f 936/1224/956 949/1242/970 937/1225/957
f 937/1225/957 949/1242/970 948/1243/971
f 937/1225/957 938/1226/958 923/1204/939
f 938/1226/958 937/1225/957 950/1244/972
f 938/1226/958 939/1227/959 924/1205/940
f 939/1227/959 938/1226/958 951/1245/973
f 939/1246/959 940/1229/960 925/1228/941
f 940/1229/960 939/1246/959 952/1247/974
f 926/1208/942 953/1248/975 941/1230/961
f 953/1248/975 926/1208/942 940/1229/960
f 941/1230/961 942/1231/962 928/1210/944
f 942/1231/962 941/1230/961 953/1248/975
f 954/1249/976 942/1250/977 943/1235/749
f 929/1233/718 943/1235/749 942/1250/977
f 955/1251/978 930/1212/946 943/1232/963
f 930/1212/946 955/1251/978 944/1236/965
f 956/1252/979 931/1213/947 944/1236/965
f 931/1213/947 956/1252/979 945/1237/966
f 957/1253/980 932/1238/951 945/1237/966
f 932/1238/951 957/1253/980 946/1254/967
f 946/1239/967 1188/1240/968 933/1219/952
f 1188/1240/968 946/1239/967 1187/1255/981
f 1185/1256/982 935/1223/955 947/1241/969
f 935/1223/955 1185/1256/982 949/1242/970
f 949/1242/970 1185/1256/982 958/1257/2
f 949/1242/970 958/1257/2 948/1243/971
f 948/1243/971 950/1244/972 937/1225/957
f 950/1244/972 948/1243/971 959/1258/983
f 950/1244/972 951/1245/973 938/1226/958
f 951/1245/973 950/1244/972 960/1259/984
f 951/1260/973 952/1247/974 939/1246/959
f 952/1247/974 951/1260/973 961/1261/985
f 940/1229/960 962/1262/986 953/1248/975
f 962/1262/986 940/1229/960 952/1247/974
f 962/1263/987 953/1264/988 954/1249/976
f 942/1250/977 954/1249/976 953/1264/988
f 955/1251/978 954/1265/989 963/1266/990
f 943/1235/749 955/1267/991 954/1249/976
f 964/1268/992 944/1236/965 955/1251/978
f 944/1236/965 964/1268/992 956/1252/979
f 965/1269/993 945/1237/966 956/1252/979
f 945/1237/966 965/1269/993 957/1253/980
f 1047/1270/994 946/1254/967 957/1253/980
f 946/1254/967 1047/1270/994 1187/1271/981
f 1071/1272/995 948/1243/971 958/1257/2
f 948/1243/971 1071/1272/995 959/1258/983
f 959/1258/983 960/1259/984 950/1244/972
f 966/1273/996 959/1274/997 960/1275/998
f 960/1276/984 961/1261/985 951/1260/973
f 967/1277/999 960/1275/998 961/1278/1000
f 952/1247/974 968/1279/1001 962/1262/986
f 968/1279/1001 952/1247/974 961/1261/985
f 962/1262/986 963/1266/990 954/1265/989
f 963/1266/990 962/1262/986 968/1279/1001
f 963/1266/990 964/1268/992 955/1251/978
f 964/1268/992 963/1266/990 969/1280/1002
f 970/1281/1003 956/1252/979 964/1268/992
f 956/1252/979 970/1281/1003 965/1269/993
f 1042/1282/1004 957/1253/980 965/1269/993
f 957/1253/980 1042/1282/1004 1047/1270/994
f 1060/1283/1005 959/1258/983 1071/1272/995
f 959/1258/983 1060/1283/1005 966/1284/1006
f 967/1285/1007 966/1286/1006 971/1287/1008
f 960/1275/998 967/1277/999 966/1273/996
f 967/1288/999 961/1289/1000 972/1290/1009
f 968/1291/1010 972/1290/1009 961/1289/1000
f 968/1279/1001 969/1280/1002 963/1266/990
f 969/1280/1002 968/1279/1001 972/1292/1011
f 969/1280/1002 970/1281/1003 964/1268/992
f 970/1281/1003 969/1280/1002 973/1293/1012
f 974/1294/579 965/1269/993 970/1281/1003
f 965/1269/993 974/1294/579 1042/1282/1004
f 975/1295/1013 966/1286/1006 1060/1296/1005
f 966/1286/1006 975/1295/1013 971/1287/1008
f 967/1285/1007 976/1297/1014 972/1292/1011
f 976/1297/1014 967/1285/1007 971/1287/1008
f 972/1292/1011 973/1293/1012 969/1280/1002
f 973/1293/1012 972/1292/1011 976/1297/1014
f 973/1293/1012 974/1294/579 970/1281/1003
f 974/1294/579 973/1293/1012 1038/1298/1015
f 971/1287/1008 977/1299/1016 976/1297/1014
f 977/1299/1016 971/1287/1008 975/1295/1013
f 976/1297/1014 1038/1298/1015 973/1293/1012
f 1038/1298/1015 976/1297/1014 977/1299/1016
s 0
f 984/1327/1018 986/1328/1018 985/1329/1018
s 1
f 748/948/729 1030/1330/1019 995/1331/1020
f 748/948/729 995/1331/1020 725/919/704
f 996/949/730 1030/1330/1019 748/948/729
f 725/919/704 995/1331/1020 1022/1332/1021
f 997/983/760 1030/1330/1019 996/949/730
f 725/919/704 1022/1332/1021 998/890/680
f 997/983/760 1029/1333/1022 1030/1330/1019
f 998/890/680 1022/1332/1021 1031/1334/1023
f 997/983/760 1035/1335/1024 1029/1333/1022
f 998/890/680 1031/1334/1023 692/863/661
f 999/1021/791 1035/1335/1024 997/983/760
f 692/863/661 1031/1334/1023 1033/1336/1025
f 1000/1065/827 1035/1337/1024 999/1066/791
f 676/862/644 692/863/661 1033/1336/1025
f 1000/1065/827 1001/1338/1026 1035/1337/1024
f 676/862/644 1033/1336/1025 369/1339/1027
f 848/1101/857 1001/1338/1026 1000/1065/827
f 352/1340/1028 676/838/644 369/1341/1027
f 848/1101/857 1002/1342/1029 1001/1338/1026
f 665/823/632 676/838/644 352/1340/1028
f 1003/1100/856 1002/1342/1029 848/1101/857
f 1004/1343/1030 665/823/632 352/1340/1028
f 1003/1100/856 1019/1344/1031 1002/1342/1029
f 655/813/622 665/823/632 1004/1343/1030
f 821/1064/826 1019/1344/1031 1003/1100/856
f 1027/1345/1032 655/813/622 1004/1343/1030
f 821/1064/826 354/1346/1033 1019/1344/1031
f 1005/805/614 655/813/622 1027/1345/1032
f 1006/1018/790 354/1346/1033 821/1064/826
f 358/1347/1034 1005/805/614 1027/1345/1032
f 1006/1018/790 1007/1348/1035 354/1346/1033
f 358/1347/1034 647/804/613 1005/805/614
f 1037/1349/1036 1007/1348/1035 1006/1018/790
f 1032/1350/1037 647/804/613 358/1347/1034
f 1037/1349/1036 1006/1018/790 1008/1020/759
f 1032/1350/1037 654/812/621 647/804/613
f 747/947/728 1037/1351/1036 1008/982/759
f 664/822/631 654/812/621 1032/1350/1037
f 343/1352/1038 1037/1351/1036 747/947/728
f 664/822/631 1032/1350/1037 1009/1353/1039
f 747/947/728 1036/1354/1040 343/1352/1038
f 664/837/631 1009/1355/1039 1010/1356/1041
f 747/947/728 1011/918/703 1036/1354/1040
f 1012/836/643 664/837/631 1010/1356/1041
f 1011/918/703 1034/1357/1042 1036/1354/1040
f 691/860/659 1012/836/643 1010/1356/1041
f 1011/918/703 1013/889/679 1034/1357/1042
f 691/860/659 1010/1356/1041 1015/1358/1043
f 1013/889/679 1014/1359/1044 1034/1357/1042
f 691/860/659 1015/1358/1043 1014/1359/1044
f 1013/889/679 1016/861/660 1014/1359/1044
f 1016/861/660 691/860/659 1014/1359/1044
f 1017/1360/1045 1001/1338/1046 1002/1342/1047
f 1018/1361/1048 1017/1360/1045 1002/1342/1047
f 1035/1337/1049 1001/1338/1046 1017/1360/1045
f 989/1362/1050 1018/1361/1048 1002/1342/1047
f 1035/1337/1049 1017/1360/1045 994/1363/1051
f 989/1362/1050 1002/1342/1047 1019/1344/1052
f 1035/1335/1049 994/1364/1051 1029/1333/1053
f 1020/1365/1054 989/1362/1050 1019/1344/1052
f 1029/1333/1053 994/1364/1051 979/1366/1055
f 1020/1365/1054 1019/1344/1052 354/1346/1056
f 1030/1330/1057 1029/1333/1053 979/1366/1055
f 978/1367/1058 1020/1365/1054 354/1346/1056
f 1030/1330/1057 979/1366/1055 1021/1368/1059
f 978/1367/1058 354/1346/1056 1007/1348/1060
f 1030/1330/1057 1021/1368/1059 995/1331/1061
f 1037/1349/1062 978/1367/1058 1007/1348/1060
f 995/1331/1061 1021/1368/1059 987/1369/1063
f 1037/1349/1062 988/1370/1064 978/1367/1058
f 995/1331/1061 987/1369/1063 1022/1332/1065
f 990/1371/1066 988/1372/1064 1037/1351/1062
f 1022/1332/1065 987/1369/1063 1023/1373/1067
f 343/1352/1068 990/1371/1066 1037/1351/1062
f 1022/1332/1065 1023/1373/1067 1031/1334/1069
f 1036/1354/1070 990/1371/1066 343/1352/1068
f 1031/1334/1069 1023/1373/1067 1024/1374/1071
f 1036/1354/1070 991/1375/1072 990/1371/1066
f 1031/1334/1069 1024/1374/1071 1033/1336/1073
f 1034/1357/1074 991/1375/1072 1036/1354/1070
f 1033/1336/1073 1024/1374/1071 985/1376/1075
f 1034/1357/1074 992/1377/1076 991/1375/1072
f 981/1378/1077 1033/1336/1073 985/1376/1075
f 1014/1359/1078 992/1377/1076 1034/1357/1074
f 981/1378/1077 369/1339/1079 1033/1336/1073
f 1014/1359/1078 993/1379/1080 992/1377/1076
f 352/1340/1081 369/1341/1079 981/1380/1077
f 1014/1359/1078 1015/1358/1082 993/1379/1080
f 983/1381/1083 352/1340/1081 981/1380/1077
f 1015/1358/1082 980/1382/1084 993/1379/1080
f 1004/1343/1085 352/1340/1081 983/1381/1083
f 1010/1356/1086 980/1382/1084 1015/1358/1082
f 1025/1383/1087 1004/1343/1085 983/1381/1083
f 1010/1356/1086 1026/1384/1088 980/1382/1084
f 1027/1345/1089 1004/1343/1085 1025/1383/1087
f 1010/1356/1086 1009/1355/1090 1026/1384/1088
f 982/1385/1091 1027/1345/1089 1025/1383/1087
f 1009/1355/1090 1028/1386/1092 1026/1384/1088
f 358/1347/1093 1027/1345/1089 982/1385/1091
f 1032/1350/1094 1028/1387/1092 1009/1353/1090
f 358/1347/1093 982/1385/1091 984/1388/1095
f 1032/1350/1094 986/1389/1096 1028/1387/1092
f 986/1389/1096 358/1347/1093 984/1388/1095
f 1032/1350/1094 358/1347/1093 986/1389/1096
f 1049/1631/1262 1044/1632/1263 1050/1633/1264
f 1059/1634/1265 1051/1635/1266 1052/1636/1267
f 1045/1637/1268 1052/1636/1267 1051/1635/1266
f 1058/1638/1269 1051/1639/1266 1069/1640/1270
f 1059/1641/1265 1069/1640/1270 1051/1639/1266
f 1076/1642/1271 1089/1643/1272 1064/1644/1273
f 1089/1643/1272 1076/1642/1271 1108/1645/1274
f 1098/1646/1275 1119/1647/1276 1117/1648/1277
l 1194 1193
l 1193 1195
l 1195 1196
l 1196 1197
l 1197 1198
l 1198 1199
l 1199 1200
l 1200 1201
l 1201 1202
l 1202 1203
l 1203 1204
l 1204 1205
l 1206 1207
l 1209 1208
l 1208 1210
l 1210 1211
l 1211 1212
l 1211 1213
l 1213 1214
l 1215 1209
l 1216 1215
l 1216 1217
l 1218 1216
l 1219 1209
l 1220 1219
l 1221 1220
l 1209 1222
l 1222 1223
l 1223 1224
l 312 1206
